day,Longitude,Latitude,incrConfirmed,ProvinceName,CityName
712.0,117.2294162800198,39.115718082215515,1,,河西区
712.0,117.36338677903083,38.94414856811469,40,,津南区
712.0,113.63141920733915,34.75343885045448,3,,郑州市
712.0,114.39950042177432,36.10594098401491,55,,安阳市
712.0,113.85847553685502,34.04143161161871,28,,许昌市
712.0,114.09748283304512,32.15301454753105,1,,信阳市
712.0,114.06455183658751,22.548456637984177,1,,深圳市
712.0,108.94646555063274,34.34726881662395,6,,西安市
713.0,117.2294162800198,39.115718082215515,2,,河西区
713.0,117.15751788327329,39.17328564656417,1,,红桥区
713.0,117.01441017993696,39.14872660896657,3,,西青区
713.0,117.36338677903083,38.94414856811469,28,,津南区
713.0,121.45343177276851,31.233844930401652,2,,静安区
713.0,113.63141920733915,34.75343885045448,4,,郑州市
713.0,114.39950042177432,36.10594098401491,69,,安阳市
713.0,113.85847553685502,34.04143161161871,25,,许昌市
713.0,113.39942236263188,22.5223146707905,1,,中山市
713.0,108.94646555063274,34.34726881662395,8,,西安市
714.0,117.01441017993696,39.14872660896657,2,,西青区
714.0,117.36338677903083,38.94414856811469,37,,津南区
714.0,120.21551180372168,30.25308298169347,1,,杭州市
714.0,113.63141920733915,34.75343885045448,3,,郑州市
714.0,114.39950042177432,36.10594098401491,37,,安阳市
714.0,113.85847553685502,34.04143161161871,12,,许昌市
714.0,114.06455183658751,22.548456637984177,2,,深圳市
714.0,113.58255478654918,22.27656465424921,6,,珠海市
714.0,108.94646555063274,34.34726881662395,4,,西安市
715.0,116.3054340544974,39.96548984110075,1,,海淀区
715.0,117.01441017993696,39.14872660896657,1,,西青区
715.0,117.36338677903083,38.94414856811469,32,,津南区
715.0,113.63141920733915,34.75343885045448,7,,郑州市
715.0,114.39950042177432,36.10594098401491,15,,安阳市
715.0,113.85847553685502,34.04143161161871,7,,许昌市
715.0,113.58255478654918,22.27656465424921,1,,珠海市
715.0,108.94646555063274,34.34726881662395,1,,西安市
716.0,113.63141920733915,34.75343885045448,1,,郑州市
716.0,114.39950042177432,36.10594098401491,60,,安阳市
716.0,113.85847553685502,34.04143161161871,7,,许昌市
716.0,114.06455183658751,22.548456637984177,2,,深圳市
716.0,113.58255478654918,22.27656465424921,5,,珠海市
716.0,116.12953737612247,24.294177532206206,1,,梅州市
716.0,113.39942236263188,22.5223146707905,1,,中山市
716.0,108.94646555063274,34.34726881662395,5,,西安市
717.0,116.3054340544974,39.96548984110075,1,,海淀区
717.0,117.2294162800198,39.115718082215515,1,,河西区
717.0,117.01441017993696,39.14872660896657,2,,西青区
717.0,117.36338677903083,38.94414856811469,15,,津南区
717.0,113.63141920733915,34.75343885045448,4,,郑州市
717.0,114.39950042177432,36.10594098401491,94,,安阳市
717.0,113.85847553685502,34.04143161161871,4,,许昌市
717.0,113.58255478654918,22.27656465424921,5,,珠海市
717.0,108.94646555063274,34.34726881662395,1,,西安市
718.0,116.3054340544974,39.96548984110075,1,,海淀区
718.0,113.63141920733915,34.75343885045448,1,,郑州市
718.0,114.39950042177432,36.10594098401491,29,,安阳市
718.0,113.85847553685502,34.04143161161871,3,,许昌市
718.0,114.06455183658751,22.548456637984177,1,,深圳市
718.0,113.58255478654918,22.27656465424921,6,,珠海市
719.0,125.295401255854,43.84064147496199,1,,朝阳区
719.0,116.29240188731139,39.8649371975573,2,,丰台区
719.0,120.45749949793277,41.57982086475567,1,,朝阳市
719.0,113.63141920733915,34.75343885045448,1,,郑州市
719.0,114.39950042177432,36.10594098401491,19,,安阳市
719.0,113.85847553685502,34.04143161161871,4,,许昌市
719.0,113.58255478654918,22.27656465424921,2,,珠海市
720.0,116.29240188731139,39.8649371975573,2,,丰台区
720.0,116.14944375184247,39.75432583977336,3,,房山区
720.0,114.39950042177432,36.10594098401491,3,,安阳市
720.0,113.58255478654918,22.27656465424921,4,,珠海市
721.0,116.29240188731139,39.8649371975573,6,,丰台区
721.0,116.3054340544974,39.96548984110075,2,,海淀区
721.0,116.348625212231,39.73255523655448,1,,大兴区
721.0,114.39950042177432,36.10594098401491,4,,安阳市
721.0,113.58255478654918,22.27656465424921,3,,珠海市
722.0,116.29240188731139,39.8649371975573,6,,丰台区
722.0,116.3054340544974,39.96548984110075,1,,海淀区
722.0,116.14944375184247,39.75432583977336,2,,房山区
722.0,114.39950042177432,36.10594098401491,1,,安阳市
722.0,113.58255478654918,22.27656465424921,3,,珠海市
722.0,100.80344682455637,22.013601254764165,1,,西双版纳傣族自治州
723.0,116.29240188731139,39.8649371975573,4,,丰台区
723.0,116.14944375184247,39.75432583977336,1,,房山区
723.0,116.348625212231,39.73255523655448,1,,大兴区
723.0,117.20359278135501,39.15348514470478,3,,河北区
723.0,115.47146383768579,38.87998776845534,3,,保定市
723.0,113.37336244450448,40.102783001859564,1,,大同市
723.0,117.12639941261048,36.65655420178723,2,,济南市
723.0,114.39950042177432,36.10594098401491,1,,安阳市
723.0,113.58255478654918,22.27656465424921,1,,珠海市
723.0,100.80344682455637,22.013601254764165,3,,西双版纳傣族自治州
724.0,116.37251358116619,39.91812360584148,1,,西城区
724.0,125.295401255854,43.84064147496199,4,,朝阳区
724.0,116.29240188731139,39.8649371975573,11,,丰台区
724.0,116.348625212231,39.73255523655448,1,,大兴区
724.0,117.20359278135501,39.15348514470478,2,,河北区
724.0,117.36338677903083,38.94414856811469,1,,津南区
724.0,123.47109664482264,41.68383006919066,1,,沈阳市
724.0,120.45749949793277,41.57982086475567,4,,朝阳市
724.0,129.6395397783469,44.55624570898632,4,,牡丹江市
724.0,121.48050373643107,30.923720110285377,1,,奉贤区
724.0,114.39950042177432,36.10594098401491,3,,安阳市
724.0,81.3305377475322,43.92272313749215,6,,伊犁哈萨克自治州
725.0,116.37251358116619,39.91812360584148,1,,西城区
725.0,125.295401255854,43.84064147496199,3,,朝阳区
725.0,116.29240188731139,39.8649371975573,9,,丰台区
725.0,116.348625212231,39.73255523655448,1,,大兴区
725.0,117.20359278135501,39.15348514470478,1,,河北区
725.0,115.47146383768579,38.87998776845534,1,,保定市
725.0,123.47109664482264,41.68383006919066,1,,沈阳市
725.0,120.45749949793277,41.57982086475567,3,,朝阳市
725.0,129.6395397783469,44.55624570898632,4,,牡丹江市
725.0,120.21551180372168,30.25308298169347,1,,杭州市
725.0,114.39950042177432,36.10594098401491,1,,安阳市
725.0,113.39942236263188,22.5223146707905,1,,中山市
725.0,81.3305377475322,43.92272313749215,2,,伊犁哈萨克自治州
726.0,116.29240188731139,39.8649371975573,5,,丰台区
726.0,117.20359278135501,39.15348514470478,4,,河北区
726.0,116.69058173342549,39.54336666275853,4,,廊坊市
726.0,126.55563450495482,43.84356783457924,1,,吉林市
726.0,129.6395397783469,44.55624570898632,5,,牡丹江市
726.0,121.48050373643107,30.923720110285377,1,,奉贤区
726.0,120.21551180372168,30.25308298169347,6,,杭州市
726.0,114.39950042177432,36.10594098401491,1,,安阳市
726.0,105.95441712388904,26.25925237871499,1,,安顺市
726.0,81.3305377475322,43.92272313749215,1,,伊犁哈萨克自治州
728.0,116.37251358116619,39.91812360584148,1,,西城区
728.0,116.29240188731139,39.8649371975573,4,,丰台区
728.0,117.20359278135501,39.15348514470478,1,,河北区
728.0,115.47146383768579,38.87998776845534,1,,保定市
728.0,113.37336244450448,40.102783001859564,1,,大同市
728.0,129.6395397783469,44.55624570898632,2,,牡丹江市
728.0,120.21551180372168,30.25308298169347,18,,杭州市
728.0,114.39950042177432,36.10594098401491,1,,安阳市
728.0,81.3305377475322,43.92272313749215,3,,伊犁哈萨克自治州
729.0,116.37251358116619,39.91812360584148,1,,西城区
729.0,125.295401255854,43.84064147496199,2,,朝阳区
729.0,116.29240188731139,39.8649371975573,11,,丰台区
729.0,116.348625212231,39.73255523655448,4,,大兴区
729.0,117.36338677903083,38.94414856811469,1,,津南区
729.0,120.45749949793277,41.57982086475567,2,,朝阳市
729.0,129.6395397783469,44.55624570898632,4,,牡丹江市
729.0,120.21551180372168,30.25308298169347,19,,杭州市
729.0,114.39950042177432,36.10594098401491,1,,安阳市
729.0,111.2065332238741,34.778327249459984,1,,三门峡市
729.0,100.80344682455637,22.013601254764165,1,,西双版纳傣族自治州
730.0,125.295401255854,43.84064147496199,1,,朝阳区
730.0,116.29240188731139,39.8649371975573,2,,丰台区
730.0,117.71739882966088,39.00941577364663,3,,滨海新区
730.0,120.45749949793277,41.57982086475567,1,,朝阳市
730.0,129.6395397783469,44.55624570898632,1,,牡丹江市
730.0,120.21551180372168,30.25308298169347,24,,杭州市
730.0,113.19952856052156,33.772050748691015,1,,平顶山市
731.0,125.295401255854,43.84064147496199,1,,朝阳区
731.0,116.29240188731139,39.8649371975573,1,,丰台区
731.0,117.20359278135501,39.15348514470478,4,,河北区
731.0,117.15751788327329,39.17328564656417,2,,红桥区
731.0,117.36338677903083,38.94414856811469,1,,津南区
731.0,115.6754061376161,37.745191408077424,4,,衡水市
731.0,120.45749949793277,41.57982086475567,1,,朝阳市
731.0,120.21551180372168,30.25308298169347,13,,杭州市
731.0,114.06455183658751,22.548456637984177,1,,深圳市
732.0,116.29240188731139,39.8649371975573,2,,丰台区
732.0,117.25841295306803,39.134487325955114,2,,河东区
732.0,117.20359278135501,39.15348514470478,1,,河北区
732.0,117.71739882966088,39.00941577364663,4,,滨海新区
732.0,115.6754061376161,37.745191408077424,1,,衡水市
732.0,126.55563450495482,43.84356783457924,1,,吉林市
732.0,120.21551180372168,30.25308298169347,15,,杭州市
732.0,114.06455183658751,22.548456637984177,2,,深圳市
732.0,114.4235580165817,23.116358854725593,1,,惠州市
732.0,116.12953737612247,24.294177532206206,1,,梅州市
732.0,114.70744627290641,23.749684370959752,1,,河源市
732.0,112.05151269959146,22.920911970342857,1,,云浮市
733.0,116.29240188731139,39.8649371975573,1,,丰台区
733.0,116.348625212231,39.73255523655448,1,,大兴区
733.0,120.21551180372168,30.25308298169347,2,,杭州市
733.0,114.06455183658751,22.548456637984177,4,,深圳市
733.0,114.4235580165817,23.116358854725593,2,,惠州市
733.0,112.05151269959146,22.920911970342857,4,,云浮市
734.0,120.21551180372168,30.25308298169347,2,,杭州市
734.0,114.06455183658751,22.548456637984177,4,,深圳市
734.0,114.4235580165817,23.116358854725593,1,,惠州市
735.0,116.29240188731139,39.8649371975573,1,,丰台区
735.0,111.474432885931,27.245270272808565,1,,邵阳市
735.0,114.06455183658751,22.548456637984177,2,,深圳市
735.0,114.4235580165817,23.116358854725593,2,,惠州市
735.0,112.05151269959146,22.920911970342857,2,,云浮市
735.0,106.62458932565383,23.908185934295958,1,,百色市
736.0,116.37251358116619,39.91812360584148,1,,西城区
736.0,125.295401255854,43.84064147496199,1,,朝阳区
736.0,117.20359278135501,39.15348514470478,2,,河北区
736.0,116.69058173342549,39.54336666275853,2,,廊坊市
736.0,120.45749949793277,41.57982086475567,1,,朝阳市
736.0,111.474432885931,27.245270272808565,1,,邵阳市
736.0,114.4235580165817,23.116358854725593,1,,惠州市
736.0,106.62458932565383,23.908185934295958,43,,百色市
738.0,120.8433983399283,40.71736443636189,1,,葫芦岛市
738.0,106.62458932565383,23.908185934295958,83,,百色市
739.0,120.8433983399283,40.71736443636189,1,,葫芦岛市
739.0,106.62458932565383,23.908185934295958,72,,百色市
740.0,126.55563450495482,43.84356783457924,2,,吉林市
740.0,106.62458932565383,23.908185934295958,7,,百色市
741.0,123.47109664482264,41.68383006919066,1,,沈阳市
741.0,120.8433983399283,40.71736443636189,26,,葫芦岛市
741.0,106.62458932565383,23.908185934295958,38,,百色市
741.0,109.19643889817665,27.73778645640524,1,,铜仁市
742.0,120.8433983399283,40.71736443636189,10,,葫芦岛市
742.0,106.62458932565383,23.908185934295958,30,,百色市
743.0,117.01441017993696,39.14872660896657,1,,西青区
743.0,120.8433983399283,40.71736443636189,11,,葫芦岛市
743.0,114.06455183658751,22.548456637984177,1,,深圳市
743.0,108.37345082581861,22.822606601187154,1,,南宁市
743.0,106.62458932565383,23.908185934295958,12,,百色市
743.0,104.22256899109433,23.40599429361173,2,,文山壮族苗族自治州
744.0,120.8433983399283,40.71736443636189,18,,葫芦岛市
744.0,114.06455183658751,22.548456637984177,1,,深圳市
744.0,106.62458932565383,23.908185934295958,6,,百色市
744.0,104.22256899109433,23.40599429361173,1,,文山壮族苗族自治州
745.0,123.47109664482264,41.68383006919066,1,,沈阳市
745.0,120.8433983399283,40.71736443636189,28,,葫芦岛市
745.0,120.59241222959322,31.303564074441766,8,,苏州市
745.0,114.06455183658751,22.548456637984177,2,,深圳市
745.0,106.62458932565383,23.908185934295958,1,,百色市
746.0,111.75550856170946,40.84842299711348,2,,呼和浩特市
746.0,119.78486907317954,49.172732795190655,5,,呼伦贝尔市
746.0,120.8433983399283,40.71736443636189,15,,葫芦岛市
746.0,120.59241222959322,31.303564074441766,18,,苏州市
746.0,120.90159173866185,31.98654943120089,1,,南通市
746.0,114.06455183658751,22.548456637984177,3,,深圳市
746.0,106.62458932565383,23.908185934295958,2,,百色市
748.0,111.75550856170946,40.84842299711348,21,,呼和浩特市
748.0,109.95979863201062,40.62714122474678,1,,包头市
748.0,120.8433983399283,40.71736443636189,9,,葫芦岛市
748.0,126.55563450495482,43.84356783457924,2,,吉林市
748.0,120.59241222959322,31.303564074441766,4,,苏州市
748.0,114.06455183658751,22.548456637984177,3,,深圳市
748.0,113.75842045787648,23.02730841164339,1,,东莞市
748.0,103.38154905257933,23.36999624760546,1,,红河哈尼族彝族自治州
750.0,111.75550856170946,40.84842299711348,63,,呼和浩特市
750.0,109.95979863201062,40.62714122474678,2,,包头市
750.0,120.8433983399283,40.71736443636189,9,,葫芦岛市
750.0,120.59241222959322,31.303564074441766,16,,苏州市
750.0,114.06455183658751,22.548456637984177,8,,深圳市
750.0,103.38154905257933,23.36999624760546,3,,红河哈尼族彝族自治州
751.0,112.75959475565928,37.69283940975972,5,,晋中市
751.0,111.75550856170946,40.84842299711348,30,,呼和浩特市
751.0,109.95979863201062,40.62714122474678,1,,包头市
751.0,107.39439808372491,40.7493594895728,1,,巴彦淖尔市
751.0,120.8433983399283,40.71736443636189,7,,葫芦岛市
751.0,130.97561865876668,45.300872317823895,2,,鸡西市
751.0,120.31858328810601,31.498809732685714,1,,无锡市
751.0,120.59241222959322,31.303564074441766,10,,苏州市
751.0,114.06455183658751,22.548456637984177,6,,深圳市
751.0,104.07274727406208,30.578993724029967,9,,成都市
751.0,103.38154905257933,23.36999624760546,1,,红河哈尼族彝族自治州
751.0,98.59135935611411,24.438010702758117,3,,德宏傣族景颇族自治州
752.0,111.75550856170946,40.84842299711348,18,,呼和浩特市
752.0,109.95979863201062,40.62714122474678,3,,包头市
752.0,107.39439808372491,40.7493594895728,1,,巴彦淖尔市
752.0,120.8433983399283,40.71736443636189,6,,葫芦岛市
752.0,120.31858328810601,31.498809732685714,2,,无锡市
752.0,120.59241222959322,31.303564074441766,10,,苏州市
752.0,120.38945519114627,36.072227496663224,1,,青岛市
752.0,114.31158155473231,30.598466736400987,14,,武汉市
752.0,114.06455183658751,22.548456637984177,3,,深圳市
752.0,104.07274727406208,30.578993724029967,5,,成都市
752.0,103.38154905257933,23.36999624760546,1,,红河哈尼族彝族自治州
752.0,98.59135935611411,24.438010702758117,4,,德宏傣族景颇族自治州
753.0,116.37251358116619,39.91812360584148,3,,西城区
753.0,125.295401255854,43.84064147496199,1,,朝阳区
753.0,116.29240188731139,39.8649371975573,2,,丰台区
753.0,116.3054340544974,39.96548984110075,1,,海淀区
753.0,121.08142549497644,32.07035573967588,2,,通州区
753.0,116.66142426369096,40.13635076223076,1,,顺义区
753.0,116.348625212231,39.73255523655448,2,,大兴区
753.0,112.75959475565928,37.69283940975972,1,,晋中市
753.0,111.75550856170946,40.84842299711348,44,,呼和浩特市
753.0,109.95979863201062,40.62714122474678,7,,包头市
753.0,107.39439808372491,40.7493594895728,1,,巴彦淖尔市
753.0,120.45749949793277,41.57982086475567,1,,朝阳市
753.0,120.8433983399283,40.71736443636189,9,,葫芦岛市
753.0,130.97561865876668,45.300872317823895,1,,鸡西市
753.0,120.59241222959322,31.303564074441766,4,,苏州市
753.0,120.38945519114627,36.072227496663224,1,,青岛市
753.0,114.31158155473231,30.598466736400987,5,,武汉市
753.0,114.06455183658751,22.548456637984177,7,,深圳市
753.0,104.07274727406208,30.578993724029967,6,,成都市
753.0,103.38154905257933,23.36999624760546,2,,红河哈尼族彝族自治州
754.0,116.37251358116619,39.91812360584148,2,,西城区
754.0,112.75959475565928,37.69283940975972,1,,晋中市
754.0,112.74062416023847,38.42238338517772,1,,忻州市
754.0,111.75550856170946,40.84842299711348,37,,呼和浩特市
754.0,109.95979863201062,40.62714122474678,4,,包头市
754.0,120.8433983399283,40.71736443636189,8,,葫芦岛市
754.0,126.55563450495482,43.84356783457924,3,,吉林市
754.0,120.59241222959322,31.303564074441766,3,,苏州市
754.0,114.31158155473231,30.598466736400987,10,,武汉市
754.0,114.06455183658751,22.548456637984177,8,,深圳市
754.0,108.360418838298,21.6930052899694,3,,防城港市
754.0,104.07274727406208,30.578993724029967,6,,成都市
754.0,100.09544042014869,23.89046855627851,2,,临沧市
754.0,103.38154905257933,23.36999624760546,1,,红河哈尼族彝族自治州
755.0,125.295401255854,43.84064147496199,1,,朝阳区
755.0,121.08142549497644,32.07035573967588,1,,通州区
755.0,112.55639149167204,37.87698902884778,1,,太原市
755.0,112.75959475565928,37.69283940975972,2,,晋中市
755.0,111.75550856170946,40.84842299711348,28,,呼和浩特市
755.0,109.95979863201062,40.62714122474678,2,,包头市
755.0,120.45749949793277,41.57982086475567,1,,朝阳市
755.0,120.8433983399283,40.71736443636189,18,,葫芦岛市
755.0,126.55563450495482,43.84356783457924,2,,吉林市
755.0,130.97561865876668,45.300872317823895,1,,鸡西市
755.0,120.59241222959322,31.303564074441766,2,,苏州市
755.0,120.38945519114627,36.072227496663224,1,,青岛市
755.0,114.31158155473231,30.598466736400987,2,,武汉市
755.0,114.06455183658751,22.548456637984177,8,,深圳市
755.0,108.360418838298,21.6930052899694,4,,防城港市
755.0,104.07274727406208,30.578993724029967,5,,成都市
755.0,100.09544042014869,23.89046855627851,1,,临沧市
755.0,103.38154905257933,23.36999624760546,4,,红河哈尼族彝族自治州
756.0,125.295401255854,43.84064147496199,1,,朝阳区
756.0,117.32056850791443,39.09233234281453,1,,东丽区
756.0,111.75550856170946,40.84842299711348,52,,呼和浩特市
756.0,119.78486907317954,49.172732795190655,2,,呼伦贝尔市
756.0,120.45749949793277,41.57982086475567,1,,朝阳市
756.0,120.8433983399283,40.71736443636189,10,,葫芦岛市
756.0,130.97561865876668,45.300872317823895,1,,鸡西市
756.0,120.59241222959322,31.303564074441766,4,,苏州市
756.0,118.09643549976651,24.485406605176305,1,,厦门市
756.0,114.06455183658751,22.548456637984177,15,,深圳市
756.0,113.58255478654918,22.27656465424921,2,,珠海市
756.0,113.75842045787648,23.02730841164339,19,,东莞市
756.0,108.360418838298,21.6930052899694,9,,防城港市
756.0,104.07274727406208,30.578993724029967,2,,成都市
756.0,100.09544042014869,23.89046855627851,2,,临沧市
756.0,103.38154905257933,23.36999624760546,1,,红河哈尼族彝族自治州
757.0,125.295401255854,43.84064147496199,1,,朝阳区
757.0,116.23761791731043,40.22641337159427,1,,昌平区
757.0,117.32056850791443,39.09233234281453,3,,东丽区
757.0,112.55639149167204,37.87698902884778,1,,太原市
757.0,112.75959475565928,37.69283940975972,1,,晋中市
757.0,111.75550856170946,40.84842299711348,35,,呼和浩特市
757.0,109.95979863201062,40.62714122474678,1,,包头市
757.0,119.78486907317954,49.172732795190655,2,,呼伦贝尔市
757.0,120.45749949793277,41.57982086475567,1,,朝阳市
757.0,120.8433983399283,40.71736443636189,6,,葫芦岛市
757.0,126.55563450495482,43.84356783457924,2,,吉林市
757.0,120.59241222959322,31.303564074441766,2,,苏州市
757.0,114.31158155473231,30.598466736400987,2,,武汉市
757.0,114.06455183658751,22.548456637984177,26,,深圳市
757.0,113.75842045787648,23.02730841164339,22,,东莞市
757.0,108.360418838298,21.6930052899694,7,,防城港市
757.0,104.07274727406208,30.578993724029967,2,,成都市
757.0,103.85656331579456,30.082526119421058,1,,眉山市
757.0,100.09544042014869,23.89046855627851,2,,临沧市
759.0,112.75959475565928,37.69283940975972,1,,晋中市
759.0,111.75550856170946,40.84842299711348,13,,呼和浩特市
759.0,109.95979863201062,40.62714122474678,1,,包头市
759.0,126.54161509031663,45.808825827952184,1,,哈尔滨市
759.0,129.6395397783469,44.55624570898632,3,,牡丹江市
759.0,120.59241222959322,31.303564074441766,3,,苏州市
759.0,114.31158155473231,30.598466736400987,2,,武汉市
759.0,114.06455183658751,22.548456637984177,23,,深圳市
759.0,113.75842045787648,23.02730841164339,7,,东莞市
759.0,113.39942236263188,22.5223146707905,1,,中山市
759.0,108.360418838298,21.6930052899694,6,,防城港市
759.0,109.51855670139908,18.258736291747855,1,,三亚市
759.0,104.07274727406208,30.578993724029967,1,,成都市
759.0,100.09544042014869,23.89046855627851,1,,临沧市
759.0,98.59135935611411,24.438010702758117,5,,德宏傣族景颇族自治州
759.0,100.62662114445924,36.2921024798988,1,,海南藏族自治州
760.0,117.71739882966088,39.00941577364663,1,,滨海新区
760.0,112.75959475565928,37.69283940975972,1,,晋中市
760.0,111.75550856170946,40.84842299711348,16,,呼和浩特市
760.0,109.95979863201062,40.62714122474678,1,,包头市
760.0,120.8433983399283,40.71736443636189,2,,葫芦岛市
760.0,126.55563450495482,43.84356783457924,4,,吉林市
760.0,129.4773763202274,42.91574303372181,4,,延边朝鲜族自治州
760.0,126.54161509031663,45.808825827952184,2,,哈尔滨市
760.0,129.6395397783469,44.55624570898632,2,,牡丹江市
760.0,121.40356934916508,31.254973368279597,1,,普陀区
760.0,120.38945519114627,36.072227496663224,4,,青岛市
760.0,114.06455183658751,22.548456637984177,25,,深圳市
760.0,113.58255478654918,22.27656465424921,1,,珠海市
760.0,113.75842045787648,23.02730841164339,6,,东莞市
760.0,108.360418838298,21.6930052899694,2,,防城港市
760.0,104.07274727406208,30.578993724029967,3,,成都市
760.0,98.59135935611411,24.438010702758117,1,,德宏傣族景颇族自治州
761.0,117.20359278135501,39.15348514470478,1,,河北区
761.0,117.71739882966088,39.00941577364663,1,,滨海新区
761.0,114.5456282282352,36.631262731204046,1,,邯郸市
761.0,112.75959475565928,37.69283940975972,1,,晋中市
761.0,111.75550856170946,40.84842299711348,6,,呼和浩特市
761.0,109.95979863201062,40.62714122474678,1,,包头市
761.0,126.55563450495482,43.84356783457924,13,,吉林市
761.0,129.4773763202274,42.91574303372181,3,,延边朝鲜族自治州
761.0,126.54161509031663,45.808825827952184,1,,哈尔滨市
761.0,121.40356934916508,31.254973368279597,3,,普陀区
761.0,121.38861193361008,31.118842580087428,1,,闵行区
761.0,121.23447959624146,31.037135176464492,1,,松江区
761.0,120.59241222959322,31.303564074441766,1,,苏州市
761.0,120.70647689035565,28.00108540447221,2,,温州市
761.0,114.31158155473231,30.598466736400987,4,,武汉市
761.0,114.06455183658751,22.548456637984177,23,,深圳市
761.0,113.75842045787648,23.02730841164339,5,,东莞市
761.0,108.360418838298,21.6930052899694,2,,防城港市
761.0,104.07274727406208,30.578993724029967,1,,成都市
761.0,98.59135935611411,24.438010702758117,1,,德宏傣族景颇族自治州
762.0,117.20359278135501,39.15348514470478,5,,河北区
762.0,117.32056850791443,39.09233234281453,1,,东丽区
762.0,114.52153190157445,38.0483119268727,1,,石家庄市
762.0,114.51146225612979,37.07668595096609,4,,邢台市
762.0,111.75550856170946,40.84842299711348,9,,呼和浩特市
762.0,119.78486907317954,49.172732795190655,2,,呼伦贝尔市
762.0,126.55563450495482,43.84356783457924,8,,吉林市
762.0,129.4773763202274,42.91574303372181,4,,延边朝鲜族自治州
762.0,126.54161509031663,45.808825827952184,3,,哈尔滨市
762.0,121.38861193361008,31.118842580087428,1,,闵行区
762.0,121.23447959624146,31.037135176464492,1,,松江区
762.0,117.29057543439453,34.21266655011306,1,,徐州市
762.0,120.70647689035565,28.00108540447221,2,,温州市
762.0,114.31158155473231,30.598466736400987,4,,武汉市
762.0,114.06455183658751,22.548456637984177,22,,深圳市
762.0,108.360418838298,21.6930052899694,3,,防城港市
762.0,99.16801175601306,25.11785803166449,1,,保山市
762.0,103.38154905257933,23.36999624760546,2,,红河哈尼族彝族自治州
762.0,98.59135935611411,24.438010702758117,1,,德宏傣族景颇族自治州
763.0,117.20359278135501,39.15348514470478,6,,河北区
763.0,117.32056850791443,39.09233234281453,3,,东丽区
763.0,114.52153190157445,38.0483119268727,2,,石家庄市
763.0,114.51146225612979,37.07668595096609,3,,邢台市
763.0,115.47146383768579,38.87998776845534,1,,保定市
763.0,112.75959475565928,37.69283940975972,1,,晋中市
763.0,111.75550856170946,40.84842299711348,5,,呼和浩特市
763.0,119.78486907317954,49.172732795190655,3,,呼伦贝尔市
763.0,125.3306020759069,43.82195350104314,5,,长春市
763.0,126.55563450495482,43.84356783457924,20,,吉林市
763.0,129.4773763202274,42.91574303372181,6,,延边朝鲜族自治州
763.0,126.54161509031663,45.808825827952184,1,,哈尔滨市
763.0,120.38945519114627,36.072227496663224,5,,青岛市
763.0,114.31158155473231,30.598466736400987,1,,武汉市
763.0,110.00851426537254,27.575160902978517,1,,怀化市
763.0,114.06455183658751,22.548456637984177,21,,深圳市
763.0,114.4235580165817,23.116358854725593,1,,惠州市
763.0,113.75842045787648,23.02730841164339,24,,东莞市
763.0,108.360418838298,21.6930052899694,3,,防城港市
763.0,109.51855670139908,18.258736291747855,2,,三亚市
763.0,104.07274727406208,30.578993724029967,1,,成都市
763.0,98.59135935611411,24.438010702758117,2,,德宏傣族景颇族自治州
763.0,100.62662114445924,36.2921024798988,2,,海南藏族自治州
764.0,117.20359278135501,39.15348514470478,14,,河北区
764.0,114.52153190157445,38.0483119268727,5,,石家庄市
764.0,114.5456282282352,36.631262731204046,1,,邯郸市
764.0,114.51146225612979,37.07668595096609,4,,邢台市
764.0,115.47146383768579,38.87998776845534,4,,保定市
764.0,112.75959475565928,37.69283940975972,1,,晋中市
764.0,111.75550856170946,40.84842299711348,7,,呼和浩特市
764.0,109.78744317923602,39.61448231394889,1,,鄂尔多斯市
764.0,119.78486907317954,49.172732795190655,1,,呼伦贝尔市
764.0,125.3306020759069,43.82195350104314,7,,长春市
764.0,126.55563450495482,43.84356783457924,25,,吉林市
764.0,129.4773763202274,42.91574303372181,9,,延边朝鲜族自治州
764.0,119.22862133316607,34.60224952526725,4,,连云港市
764.0,120.21551180372168,30.25308298169347,2,,杭州市
764.0,120.38945519114627,36.072227496663224,88,,青岛市
764.0,113.63141920733915,34.75343885045448,1,,郑州市
764.0,114.06455183658751,22.548456637984177,17,,深圳市
764.0,114.70744627290641,23.749684370959752,1,,河源市
764.0,113.75842045787648,23.02730841164339,2,,东莞市
764.0,106.62458932565383,23.908185934295958,5,,百色市
764.0,100.09544042014869,23.89046855627851,1,,临沧市
764.0,98.59135935611411,24.438010702758117,3,,德宏傣族景颇族自治州
764.0,108.94646555063274,34.34726881662395,2,,西安市
765.0,117.20359278135501,39.15348514470478,9,,河北区
765.0,114.51146225612979,37.07668595096609,9,,邢台市
765.0,112.55639149167204,37.87698902884778,1,,太原市
765.0,111.75550856170946,40.84842299711348,3,,呼和浩特市
765.0,109.95979863201062,40.62714122474678,1,,包头市
765.0,109.78744317923602,39.61448231394889,2,,鄂尔多斯市
765.0,119.78486907317954,49.172732795190655,1,,呼伦贝尔市
765.0,125.3306020759069,43.82195350104314,7,,长春市
765.0,126.55563450495482,43.84356783457924,55,,吉林市
765.0,129.4773763202274,42.91574303372181,5,,延边朝鲜族自治州
765.0,121.44339635276381,31.194556772822725,2,,徐汇区
765.0,121.55045460683195,31.227348292436346,1,,浦东新区
765.0,119.22862133316607,34.60224952526725,5,,连云港市
765.0,120.76355182586005,30.750974830920143,1,,嘉兴市
765.0,120.38945519114627,36.072227496663224,58,,青岛市
765.0,122.12754097831325,37.5164305480148,1,,威海市
765.0,114.31158155473231,30.598466736400987,2,,武汉市
765.0,114.06455183658751,22.548456637984177,19,,深圳市
765.0,113.75842045787648,23.02730841164339,50,,东莞市
765.0,108.360418838298,21.6930052899694,1,,防城港市
765.0,98.59135935611411,24.438010702758117,4,,德宏傣族景颇族自治州
765.0,108.94646555063274,34.34726881662395,4,,西安市
765.0,103.84052119633628,36.067234693545565,12,,兰州市
767.0,125.295401255854,43.84064147496199,4,,朝阳区
767.0,116.3054340544974,39.96548984110075,2,,海淀区
767.0,117.20359278135501,39.15348514470478,11,,河北区
767.0,117.01441017993696,39.14872660896657,5,,西青区
767.0,114.52153190157445,38.0483119268727,2,,石家庄市
767.0,114.51146225612979,37.07668595096609,5,,邢台市
767.0,115.47146383768579,38.87998776845534,3,,保定市
767.0,116.84558075595014,38.310215141107044,1,,沧州市
767.0,112.85857823132879,35.49628458647257,1,,晋城市
767.0,111.01338945447925,35.03270691290923,2,,运城市
767.0,111.75550856170946,40.84842299711348,2,,呼和浩特市
767.0,105.73537746449358,38.858275883056955,1,,阿拉善盟
767.0,123.47109664482264,41.68383006919066,1,,沈阳市
767.0,120.45749949793277,41.57982086475567,4,,朝阳市
767.0,125.3306020759069,43.82195350104314,12,,长春市
767.0,126.55563450495482,43.84356783457924,94,,吉林市
767.0,129.4773763202274,42.91574303372181,9,,延边朝鲜族自治州
767.0,126.54161509031663,45.808825827952184,1,,哈尔滨市
767.0,121.45343177276851,31.233844930401652,1,,静安区
767.0,121.38861193361008,31.118842580087428,1,,闵行区
767.0,121.27259505835202,31.3801553396772,1,,嘉定区
767.0,119.22862133316607,34.60224952526725,11,,连云港市
767.0,120.09451660915789,30.898963937294184,1,,湖州市
767.0,120.38945519114627,36.072227496663224,55,,青岛市
767.0,118.06145253489896,36.81908568332188,1,,淄博市
767.0,122.12754097831325,37.5164305480148,1,,威海市
767.0,119.53341540456555,35.42283899843767,2,,日照市
767.0,115.03559747034215,35.76759302890629,1,,濮阳市
767.0,114.06455183658751,22.548456637984177,6,,深圳市
767.0,111.98848929181268,21.864339726138933,1,,阳江市
767.0,113.75842045787648,23.02730841164339,1,,东莞市
767.0,102.83944512326053,24.886272111644136,2,,昆明市
767.0,98.59135935611411,24.438010702758117,2,,德宏傣族景颇族自治州
767.0,108.94646555063274,34.34726881662395,10,,西安市
767.0,107.2445753670404,34.36891564286998,6,,宝鸡市
767.0,107.02943020926463,33.073799907833795,1,,汉中市
768.0,125.295401255854,43.84064147496199,2,,朝阳区
768.0,116.3054340544974,39.96548984110075,2,,海淀区
768.0,117.20359278135501,39.15348514470478,10,,河北区
768.0,117.01441017993696,39.14872660896657,14,,西青区
768.0,117.36338677903083,38.94414856811469,2,,津南区
768.0,117.14140273157703,39.2303439099184,2,,北辰区
768.0,117.05059715977872,39.389871228788344,1,,武清区
768.0,114.52153190157445,38.0483119268727,1,,石家庄市
768.0,114.51146225612979,37.07668595096609,7,,邢台市
768.0,116.84558075595014,38.310215141107044,1,,沧州市
768.0,116.69058173342549,39.54336666275853,1,,廊坊市
768.0,111.01338945447925,35.03270691290923,2,,运城市
768.0,111.75550856170946,40.84842299711348,3,,呼和浩特市
768.0,123.47109664482264,41.68383006919066,4,,沈阳市
768.0,120.45749949793277,41.57982086475567,2,,朝阳市
768.0,125.3306020759069,43.82195350104314,23,,长春市
768.0,126.55563450495482,43.84356783457924,165,,吉林市
768.0,124.83148187569292,45.14740419341382,1,,松原市
768.0,129.4773763202274,42.91574303372181,7,,延边朝鲜族自治州
768.0,121.44339635276381,31.194556772822725,1,,徐汇区
768.0,121.45343177276851,31.233844930401652,1,,静安区
768.0,121.38861193361008,31.118842580087428,1,,闵行区
768.0,121.55045460683195,31.227348292436346,1,,浦东新区
768.0,119.22862133316607,34.60224952526725,13,,连云港市
768.0,120.21551180372168,30.25308298169347,1,,杭州市
768.0,120.70647689035565,28.00108540447221,1,,温州市
768.0,118.86659674035565,28.975545802265025,1,,衢州市
768.0,120.38945519114627,36.072227496663224,56,,青岛市
768.0,118.06145253489896,36.81908568332188,2,,淄博市
768.0,121.45441541730195,37.470038383730525,1,,烟台市
768.0,122.12754097831325,37.5164305480148,7,,威海市
768.0,115.03559747034215,35.76759302890629,2,,濮阳市
768.0,114.06455183658751,22.548456637984177,15,,深圳市
768.0,111.98848929181268,21.864339726138933,1,,阳江市
768.0,113.75842045787648,23.02730841164339,1,,东莞市
768.0,99.16801175601306,25.11785803166449,1,,保山市
768.0,98.59135935611411,24.438010702758117,2,,德宏傣族景颇族自治州
768.0,108.94646555063274,34.34726881662395,13,,西安市
768.0,107.2445753670404,34.36891564286998,7,,宝鸡市
768.0,107.02943020926463,33.073799907833795,1,,汉中市
768.0,103.84052119633628,36.067234693545565,59,,兰州市
768.0,104.1444508283435,36.55082533041454,7,,白银市
769.0,125.295401255854,43.84064147496199,2,,朝阳区
769.0,116.3054340544974,39.96548984110075,2,,海淀区
769.0,116.348625212231,39.73255523655448,1,,大兴区
769.0,117.20359278135501,39.15348514470478,16,,河北区
769.0,114.51146225612979,37.07668595096609,3,,邢台市
769.0,115.47146383768579,38.87998776845534,1,,保定市
769.0,116.84558075595014,38.310215141107044,7,,沧州市
769.0,116.69058173342549,39.54336666275853,5,,廊坊市
769.0,111.75550856170946,40.84842299711348,1,,呼和浩特市
769.0,105.73537746449358,38.858275883056955,1,,阿拉善盟
769.0,123.47109664482264,41.68383006919066,4,,沈阳市
769.0,120.45749949793277,41.57982086475567,2,,朝阳市
769.0,125.3306020759069,43.82195350104314,2,,长春市
769.0,126.55563450495482,43.84356783457924,99,,吉林市
769.0,129.4773763202274,42.91574303372181,3,,延边朝鲜族自治州
769.0,126.54161509031663,45.808825827952184,8,,哈尔滨市
769.0,121.51158645453457,31.269746698931357,2,,虹口区
769.0,121.38861193361008,31.118842580087428,2,,闵行区
769.0,121.27259505835202,31.3801553396772,1,,嘉定区
769.0,121.55045460683195,31.227348292436346,4,,浦东新区
769.0,121.13055310467274,31.155454317980737,1,,青浦区
769.0,118.80242172124585,32.06465288561847,2,,南京市
769.0,119.22862133316607,34.60224952526725,34,,连云港市
769.0,120.21551180372168,30.25308298169347,14,,杭州市
769.0,118.86659674035565,28.975545802265025,3,,衢州市
769.0,120.38945519114627,36.072227496663224,103,,青岛市
769.0,118.06145253489896,36.81908568332188,1,,淄博市
769.0,121.45441541730195,37.470038383730525,3,,烟台市
769.0,119.16837791142822,36.71265155126753,1,,潍坊市
769.0,122.12754097831325,37.5164305480148,8,,威海市
769.0,116.36555674397471,37.441308454576266,6,,德州市
769.0,115.03559747034215,35.76759302890629,1,,濮阳市
769.0,113.27143134445974,23.135336306695006,1,,广州市
769.0,114.06455183658751,22.548456637984177,9,,深圳市
769.0,113.75842045787648,23.02730841164339,1,,东莞市
769.0,102.83944512326053,24.886272111644136,1,,昆明市
769.0,98.59135935611411,24.438010702758117,4,,德宏傣族景颇族自治州
769.0,108.94646555063274,34.34726881662395,8,,西安市
769.0,107.2445753670404,34.36891564286998,8,,宝鸡市
769.0,107.02943020926463,33.073799907833795,2,,汉中市
769.0,103.84052119633628,36.067234693545565,18,,兰州市
769.0,104.1444508283435,36.55082533041454,8,,白银市
769.0,101.78445017050855,36.62338469651661,1,,西宁市
770.0,116.348625212231,39.73255523655448,1,,大兴区
770.0,117.2294162800198,39.115718082215515,4,,河西区
770.0,117.15651537432414,39.14410527976771,3,,南开区
770.0,117.20359278135501,39.15348514470478,22,,河北区
770.0,117.15751788327329,39.17328564656417,4,,红桥区
770.0,117.01441017993696,39.14872660896657,15,,西青区
770.0,117.36338677903083,38.94414856811469,4,,津南区
770.0,117.05059715977872,39.389871228788344,3,,武清区
770.0,117.71739882966088,39.00941577364663,2,,滨海新区
770.0,114.52153190157445,38.0483119268727,1,,石家庄市
770.0,114.51146225612979,37.07668595096609,1,,邢台市
770.0,116.84558075595014,38.310215141107044,13,,沧州市
770.0,116.69058173342549,39.54336666275853,7,,廊坊市
770.0,111.75550856170946,40.84842299711348,1,,呼和浩特市
770.0,125.3306020759069,43.82195350104314,63,,长春市
770.0,126.55563450495482,43.84356783457924,136,,吉林市
770.0,129.4773763202274,42.91574303372181,5,,延边朝鲜族自治州
770.0,126.54161509031663,45.808825827952184,2,,哈尔滨市
770.0,121.51158645453457,31.269746698931357,2,,虹口区
770.0,121.55045460683195,31.227348292436346,1,,浦东新区
770.0,121.13055310467274,31.155454317980737,1,,青浦区
770.0,119.22862133316607,34.60224952526725,20,,连云港市
770.0,120.21551180372168,30.25308298169347,22,,杭州市
770.0,120.09451660915789,30.898963937294184,1,,湖州市
770.0,118.09643549976651,24.485406605176305,1,,厦门市
770.0,120.38945519114627,36.072227496663224,139,,青岛市
770.0,118.06145253489896,36.81908568332188,4,,淄博市
770.0,121.45441541730195,37.470038383730525,1,,烟台市
770.0,119.16837791142822,36.71265155126753,1,,潍坊市
770.0,122.12754097831325,37.5164305480148,2,,威海市
770.0,116.36555674397471,37.441308454576266,10,,德州市
770.0,117.9774040171467,37.3881961960769,2,,滨州市
770.0,115.03559747034215,35.76759302890629,1,,濮阳市
770.0,113.27143134445974,23.135336306695006,2,,广州市
770.0,114.06455183658751,22.548456637984177,27,,深圳市
770.0,113.75842045787648,23.02730841164339,4,,东莞市
770.0,102.83944512326053,24.886272111644136,2,,昆明市
770.0,98.59135935611411,24.438010702758117,2,,德宏傣族景颇族自治州
770.0,108.94646555063274,34.34726881662395,13,,西安市
770.0,107.2445753670404,34.36891564286998,12,,宝鸡市
770.0,107.02943020926463,33.073799907833795,4,,汉中市
770.0,103.84052119633628,36.067234693545565,4,,兰州市
770.0,101.78445017050855,36.62338469651661,1,,西宁市
771.0,125.295401255854,43.84064147496199,4,,朝阳区
771.0,116.3054340544974,39.96548984110075,3,,海淀区
771.0,116.10760355576534,39.94614672003409,1,,门头沟区
771.0,116.66142426369096,40.13635076223076,1,,顺义区
771.0,117.2294162800198,39.115718082215515,3,,河西区
771.0,117.20359278135501,39.15348514470478,33,,河北区
771.0,117.01441017993696,39.14872660896657,8,,西青区
771.0,117.36338677903083,38.94414856811469,1,,津南区
771.0,117.05059715977872,39.389871228788344,5,,武清区
771.0,115.47146383768579,38.87998776845534,1,,保定市
771.0,116.84558075595014,38.310215141107044,9,,沧州市
771.0,116.69058173342549,39.54336666275853,23,,廊坊市
771.0,119.78486907317954,49.172732795190655,1,,呼伦贝尔市
771.0,123.47109664482264,41.68383006919066,1,,沈阳市
771.0,120.45749949793277,41.57982086475567,4,,朝阳市
771.0,125.3306020759069,43.82195350104314,831,,长春市
771.0,126.55563450495482,43.84356783457924,1416,,吉林市
771.0,124.35648155715893,43.171993571561,1,,四平市
771.0,124.83148187569292,45.14740419341382,1,,松原市
771.0,129.4773763202274,42.91574303372181,10,,延边朝鲜族自治州
771.0,126.54161509031663,45.808825827952184,3,,哈尔滨市
771.0,121.43045437545099,31.226847968225428,1,,长宁区
771.0,121.38861193361008,31.118842580087428,4,,闵行区
771.0,121.27259505835202,31.3801553396772,1,,嘉定区
771.0,121.61738317819064,25.22192577305883,1,,金山区
771.0,119.98148471327892,31.815795653327836,3,,常州市
771.0,119.22862133316607,34.60224952526725,23,,连云港市
771.0,120.21551180372168,30.25308298169347,16,,杭州市
771.0,120.76355182586005,30.750974830920143,1,,嘉兴市
771.0,120.09451660915789,30.898963937294184,1,,湖州市
771.0,118.86659674035565,28.975545802265025,1,,衢州市
771.0,120.38945519114627,36.072227496663224,179,,青岛市
771.0,118.06145253489896,36.81908568332188,5,,淄博市
771.0,122.12754097831325,37.5164305480148,5,,威海市
771.0,119.53341540456555,35.42283899843767,1,,日照市
771.0,116.36555674397471,37.441308454576266,24,,德州市
771.0,117.9774040171467,37.3881961960769,3,,滨州市
771.0,115.03559747034215,35.76759302890629,1,,濮阳市
771.0,112.95046418076468,27.835702227135585,1,,湘潭市
771.0,114.06455183658751,22.548456637984177,60,,深圳市
771.0,113.75842045787648,23.02730841164339,2,,东莞市
771.0,107.03792295677086,27.728325334416603,2,,遵义市
771.0,98.59135935611411,24.438010702758117,2,,德宏傣族景颇族自治州
771.0,108.94646555063274,34.34726881662395,9,,西安市
771.0,107.2445753670404,34.36891564286998,32,,宝鸡市
771.0,107.02943020926463,33.073799907833795,2,,汉中市
771.0,103.84052119633628,36.067234693545565,5,,兰州市
772.0,116.4224009776628,39.93482727239599,1,,东城区
772.0,125.295401255854,43.84064147496199,4,,朝阳区
772.0,116.3054340544974,39.96548984110075,2,,海淀区
772.0,116.66142426369096,40.13635076223076,1,,顺义区
772.0,117.2294162800198,39.115718082215515,5,,河西区
772.0,117.15651537432414,39.14410527976771,6,,南开区
772.0,117.20359278135501,39.15348514470478,51,,河北区
772.0,117.15751788327329,39.17328564656417,2,,红桥区
772.0,117.01441017993696,39.14872660896657,2,,西青区
772.0,117.36338677903083,38.94414856811469,3,,津南区
772.0,117.14140273157703,39.2303439099184,2,,北辰区
772.0,117.05059715977872,39.389871228788344,16,,武清区
772.0,117.71739882966088,39.00941577364663,4,,滨海新区
772.0,114.51146225612979,37.07668595096609,2,,邢台市
772.0,116.84558075595014,38.310215141107044,19,,沧州市
772.0,116.69058173342549,39.54336666275853,30,,廊坊市
772.0,123.47109664482264,41.68383006919066,1,,沈阳市
772.0,122.22579880279181,40.63070304275062,5,,营口市
772.0,122.1771181899173,40.72579099974712,1,,盘锦市
772.0,123.73236520917769,42.22994799718447,2,,铁岭市
772.0,120.45749949793277,41.57982086475567,4,,朝阳市
772.0,125.3306020759069,43.82195350104314,550,,长春市
772.0,126.55563450495482,43.84356783457924,1039,,吉林市
772.0,124.35648155715893,43.171993571561,7,,四平市
772.0,124.83148187569292,45.14740419341382,1,,松原市
772.0,129.4773763202274,42.91574303372181,10,,延边朝鲜族自治州
772.0,126.54161509031663,45.808825827952184,7,,哈尔滨市
772.0,121.49158559252436,31.23724715206362,3,,黄浦区
772.0,121.44339635276381,31.194556772822725,4,,徐汇区
772.0,121.43045437545099,31.226847968225428,2,,长宁区
772.0,121.45343177276851,31.233844930401652,6,,静安区
772.0,121.40356934916508,31.254973368279597,1,,普陀区
772.0,121.51158645453457,31.269746698931357,1,,虹口区
772.0,121.38861193361008,31.118842580087428,9,,闵行区
772.0,121.27259505835202,31.3801553396772,5,,嘉定区
772.0,121.55045460683195,31.227348292436346,5,,浦东新区
772.0,121.61738317819064,25.22192577305883,1,,金山区
772.0,121.23447959624146,31.037135176464492,1,,松江区
772.0,121.13055310467274,31.155454317980737,2,,青浦区
772.0,121.48050373643107,30.923720110285377,1,,奉贤区
772.0,119.98148471327892,31.815795653327836,3,,常州市
772.0,119.22862133316607,34.60224952526725,12,,连云港市
772.0,118.28157403570837,33.96774971569008,1,,宿迁市
772.0,120.21551180372168,30.25308298169347,4,,杭州市
772.0,120.76355182586005,30.750974830920143,6,,嘉兴市
772.0,118.86659674035565,28.975545802265025,1,,衢州市
772.0,118.09643549976651,24.485406605176305,2,,厦门市
772.0,118.68244626680422,24.879952330498313,10,,泉州市
772.0,120.38945519114627,36.072227496663224,82,,青岛市
772.0,118.06145253489896,36.81908568332188,7,,淄博市
772.0,121.45441541730195,37.470038383730525,1,,烟台市
772.0,122.12754097831325,37.5164305480148,1,,威海市
772.0,119.53341540456555,35.42283899843767,1,,日照市
772.0,116.36555674397471,37.441308454576266,13,,德州市
772.0,117.9774040171467,37.3881961960769,2,,滨州市
772.0,113.27143134445974,23.135336306695006,1,,广州市
772.0,114.06455183658751,22.548456637984177,75,,深圳市
772.0,113.75842045787648,23.02730841164339,2,,东莞市
772.0,113.39942236263188,22.5223146707905,1,,中山市
772.0,108.66058016842224,21.986593539484296,3,,钦州市
772.0,106.6375590606026,29.723927343006626,1,,渝北区
772.0,106.54745425696237,29.408474739770405,1,,巴南区
772.0,103.38154905257933,23.36999624760546,1,,红河哈尼族彝族自治州
772.0,98.59135935611411,24.438010702758117,3,,德宏傣族景颇族自治州
772.0,108.94646555063274,34.34726881662395,14,,西安市
772.0,107.2445753670404,34.36891564286998,45,,宝鸡市
772.0,107.02943020926463,33.073799907833795,1,,汉中市
772.0,103.84052119633628,36.067234693545565,12,,兰州市
774.0,116.4224009776628,39.93482727239599,4,,东城区
774.0,125.295401255854,43.84064147496199,5,,朝阳区
774.0,117.15651537432414,39.14410527976771,2,,南开区
774.0,117.20359278135501,39.15348514470478,38,,河北区
774.0,117.15751788327329,39.17328564656417,1,,红桥区
774.0,117.01441017993696,39.14872660896657,11,,西青区
774.0,117.05059715977872,39.389871228788344,28,,武清区
774.0,117.31660069247685,39.723194482933174,2,,宝坻区
774.0,117.71739882966088,39.00941577364663,6,,滨海新区
774.0,114.5456282282352,36.631262731204046,1,,邯郸市
774.0,116.84558075595014,38.310215141107044,5,,沧州市
774.0,116.69058173342549,39.54336666275853,32,,廊坊市
774.0,123.47109664482264,41.68383006919066,8,,沈阳市
774.0,121.62163148459285,38.9189536667856,13,,大连市
774.0,122.22579880279181,40.63070304275062,11,,营口市
774.0,120.45749949793277,41.57982086475567,5,,朝阳市
774.0,125.3306020759069,43.82195350104314,1044,,长春市
774.0,126.55563450495482,43.84356783457924,1458,,吉林市
774.0,124.35648155715893,43.171993571561,11,,四平市
774.0,124.83148187569292,45.14740419341382,1,,松原市
774.0,122.8455906084976,45.62550435999602,1,,白城市
774.0,129.4773763202274,42.91574303372181,8,,延边朝鲜族自治州
774.0,126.54161509031663,45.808825827952184,15,,哈尔滨市
774.0,121.44339635276381,31.194556772822725,1,,徐汇区
774.0,121.38861193361008,31.118842580087428,1,,闵行区
774.0,121.55045460683195,31.227348292436346,2,,浦东新区
774.0,121.48050373643107,30.923720110285377,1,,奉贤区
774.0,118.80242172124585,32.06465288561847,1,,南京市
774.0,119.98148471327892,31.815795653327836,5,,常州市
774.0,119.22862133316607,34.60224952526725,5,,连云港市
774.0,119.43048944567383,32.19471592052375,1,,镇江市
774.0,118.28157403570837,33.96774971569008,1,,宿迁市
774.0,121.63084278185603,29.866068124069646,1,,宁波市
774.0,120.76355182586005,30.750974830920143,8,,嘉兴市
774.0,118.86659674035565,28.975545802265025,30,,衢州市
774.0,117.81847679445747,30.95123323991339,1,,铜陵市
774.0,118.09643549976651,24.485406605176305,5,,厦门市
774.0,118.68244626680422,24.879952330498313,21,,泉州市
774.0,120.38945519114627,36.072227496663224,39,,青岛市
774.0,118.06145253489896,36.81908568332188,8,,淄博市
774.0,121.45441541730195,37.470038383730525,1,,烟台市
774.0,122.12754097831325,37.5164305480148,7,,威海市
774.0,118.36353300501388,35.11067124236514,4,,临沂市
774.0,116.36555674397471,37.441308454576266,8,,德州市
774.0,117.9774040171467,37.3881961960769,14,,滨州市
774.0,110.80452956069568,32.63506185840116,1,,十堰市
774.0,112.94547319535287,28.23488939994364,1,,长沙市
774.0,113.60352734562261,24.815881278583017,1,,韶关市
774.0,114.06455183658751,22.548456637984177,55,,深圳市
774.0,113.58255478654918,22.27656465424921,1,,珠海市
774.0,113.75842045787648,23.02730841164339,1,,东莞市
774.0,113.39942236263188,22.5223146707905,1,,中山市
774.0,108.37345082581861,22.822606601187154,1,,南宁市
774.0,108.66058016842224,21.986593539484296,4,,钦州市
774.0,106.6375590606026,29.723927343006626,1,,渝北区
774.0,106.26559760837834,29.295884374464997,1,,江津区
774.0,105.93349936145171,29.362046335949085,1,,永川区
774.0,107.03792295677086,27.728325334416603,3,,遵义市
774.0,103.38154905257933,23.36999624760546,2,,红河哈尼族彝族自治州
774.0,98.59135935611411,24.438010702758117,4,,德宏傣族景颇族自治州
774.0,108.94646555063274,34.34726881662395,8,,西安市
774.0,108.95240424835922,34.902637080502906,1,,铜川市
774.0,107.2445753670404,34.36891564286998,13,,宝鸡市
774.0,108.71542245143303,34.335476293368586,1,,咸阳市
774.0,107.02943020926463,33.073799907833795,5,,汉中市
774.0,103.84052119633628,36.067234693545565,5,,兰州市
775.0,116.4224009776628,39.93482727239599,3,,东城区
775.0,117.2294162800198,39.115718082215515,1,,河西区
775.0,117.15651537432414,39.14410527976771,4,,南开区
775.0,117.20359278135501,39.15348514470478,38,,河北区
775.0,117.15751788327329,39.17328564656417,5,,红桥区
775.0,117.01441017993696,39.14872660896657,10,,西青区
775.0,117.05059715977872,39.389871228788344,21,,武清区
775.0,117.31660069247685,39.723194482933174,1,,宝坻区
775.0,117.71739882966088,39.00941577364663,6,,滨海新区
775.0,116.84558075595014,38.310215141107044,26,,沧州市
775.0,116.69058173342549,39.54336666275853,12,,廊坊市
775.0,123.47109664482264,41.68383006919066,3,,沈阳市
775.0,121.62163148459285,38.9189536667856,38,,大连市
775.0,122.22579880279181,40.63070304275062,21,,营口市
775.0,125.3306020759069,43.82195350104314,309,,长春市
775.0,126.55563450495482,43.84356783457924,988,,吉林市
775.0,124.35648155715893,43.171993571561,11,,四平市
775.0,124.83148187569292,45.14740419341382,3,,松原市
775.0,129.4773763202274,42.91574303372181,6,,延边朝鲜族自治州
775.0,126.54161509031663,45.808825827952184,16,,哈尔滨市
775.0,121.49158559252436,31.23724715206362,1,,黄浦区
775.0,121.44339635276381,31.194556772822725,2,,徐汇区
775.0,121.38861193361008,31.118842580087428,1,,闵行区
775.0,121.27259505835202,31.3801553396772,4,,嘉定区
775.0,119.98148471327892,31.815795653327836,2,,常州市
775.0,119.22862133316607,34.60224952526725,3,,连云港市
775.0,120.76355182586005,30.750974830920143,9,,嘉兴市
775.0,120.59002264710614,30.057657361054257,1,,绍兴市
775.0,118.86659674035565,28.975545802265025,18,,衢州市
775.0,117.81847679445747,30.95123323991339,1,,铜陵市
775.0,118.09643549976651,24.485406605176305,6,,厦门市
775.0,117.64552116782143,26.269736515991838,1,,三明市
775.0,118.68244626680422,24.879952330498313,96,,泉州市
775.0,119.55451074542829,26.672241711408567,1,,宁德市
775.0,115.86458944231661,28.68945529506072,2,,南昌市
775.0,120.38945519114627,36.072227496663224,14,,青岛市
775.0,118.06145253489896,36.81908568332188,1,,淄博市
775.0,121.45441541730195,37.470038383730525,1,,烟台市
775.0,122.12754097831325,37.5164305480148,6,,威海市
775.0,118.36353300501388,35.11067124236514,2,,临沂市
775.0,116.36555674397471,37.441308454576266,3,,德州市
775.0,117.9774040171467,37.3881961960769,14,,滨州市
775.0,112.4594212983115,34.62426277921943,1,,洛阳市
775.0,112.94547319535287,28.23488939994364,1,,长沙市
775.0,113.13548942422142,29.3631782939259,1,,岳阳市
775.0,113.27143134445974,23.135336306695006,4,,广州市
775.0,114.06455183658751,22.548456637984177,71,,深圳市
775.0,113.58255478654918,22.27656465424921,1,,珠海市
775.0,113.75842045787648,23.02730841164339,7,,东莞市
775.0,108.66058016842224,21.986593539484296,7,,钦州市
775.0,106.54745425696237,29.408474739770405,1,,巴南区
775.0,106.26559760837834,29.295884374464997,1,,江津区
775.0,107.03792295677086,27.728325334416603,2,,遵义市
775.0,103.38154905257933,23.36999624760546,1,,红河哈尼族彝族自治州
775.0,98.59135935611411,24.438010702758117,4,,德宏傣族景颇族自治州
775.0,108.94646555063274,34.34726881662395,2,,西安市
775.0,108.95240424835922,34.902637080502906,4,,铜川市
775.0,107.2445753670404,34.36891564286998,14,,宝鸡市
775.0,108.71542245143303,34.335476293368586,2,,咸阳市
775.0,107.02943020926463,33.073799907833795,4,,汉中市
775.0,103.84052119633628,36.067234693545565,12,,兰州市
776.0,116.4224009776628,39.93482727239599,2,,东城区
776.0,116.37251358116619,39.91812360584148,2,,西城区
776.0,125.295401255854,43.84064147496199,2,,朝阳区
776.0,116.29240188731139,39.8649371975573,1,,丰台区
776.0,117.20359278135501,39.15348514470478,24,,河北区
776.0,116.69058173342549,39.54336666275853,24,,廊坊市
776.0,111.75550856170946,40.84842299711348,3,,呼和浩特市
776.0,122.25052178737633,43.657980083916655,4,,通辽市
776.0,123.47109664482264,41.68383006919066,4,,沈阳市
776.0,121.62163148459285,38.9189536667856,13,,大连市
776.0,122.22579880279181,40.63070304275062,29,,营口市
776.0,120.45749949793277,41.57982086475567,2,,朝阳市
776.0,125.3306020759069,43.82195350104314,938,,长春市
776.0,126.55563450495482,43.84356783457924,2219,,吉林市
776.0,124.35648155715893,43.171993571561,30,,四平市
776.0,124.83148187569292,45.14740419341382,1,,松原市
776.0,129.4773763202274,42.91574303372181,5,,延边朝鲜族自治州
776.0,126.54161509031663,45.808825827952184,16,,哈尔滨市
776.0,121.49158559252436,31.23724715206362,11,,黄浦区
776.0,121.44339635276381,31.194556772822725,8,,徐汇区
776.0,121.45343177276851,31.233844930401652,2,,静安区
776.0,121.40356934916508,31.254973368279597,5,,普陀区
776.0,121.53251993732523,31.265524144657057,1,,杨浦区
776.0,121.4965630135246,31.41027947347614,1,,宝山区
776.0,121.27259505835202,31.3801553396772,4,,嘉定区
776.0,121.55045460683195,31.227348292436346,24,,浦东新区
776.0,121.48050373643107,30.923720110285377,1,,奉贤区
776.0,119.98148471327892,31.815795653327836,2,,常州市
776.0,119.22862133316607,34.60224952526725,1,,连云港市
776.0,118.28157403570837,33.96774971569008,1,,宿迁市
776.0,120.76355182586005,30.750974830920143,4,,嘉兴市
776.0,118.86659674035565,28.975545802265025,12,,衢州市
776.0,122.21355631852045,29.99091168016034,1,,舟山市
776.0,119.30346983854001,26.080429420698078,1,,福州市
776.0,118.09643549976651,24.485406605176305,3,,厦门市
776.0,119.0145209781265,25.45986545592271,2,,莆田市
776.0,118.68244626680422,24.879952330498313,247,,泉州市
776.0,117.65357645298785,24.51892979117087,1,,漳州市
776.0,115.86458944231661,28.68945529506072,2,,南昌市
776.0,120.38945519114627,36.072227496663224,24,,青岛市
776.0,118.06145253489896,36.81908568332188,1,,淄博市
776.0,121.45441541730195,37.470038383730525,2,,烟台市
776.0,118.36353300501388,35.11067124236514,3,,临沂市
776.0,116.36555674397471,37.441308454576266,4,,德州市
776.0,117.9774040171467,37.3881961960769,31,,滨州市
776.0,112.4594212983115,34.62426277921943,1,,洛阳市
776.0,112.94547319535287,28.23488939994364,1,,长沙市
776.0,111.474432885931,27.245270272808565,2,,邵阳市
776.0,113.13548942422142,29.3631782939259,1,,岳阳市
776.0,110.00851426537254,27.575160902978517,1,,怀化市
776.0,114.06455183658751,22.548456637984177,69,,深圳市
776.0,113.58255478654918,22.27656465424921,1,,珠海市
776.0,113.75842045787648,23.02730841164339,4,,东莞市
776.0,108.37345082581861,22.822606601187154,1,,南宁市
776.0,110.18619487315159,25.24169878354397,1,,桂林市
776.0,106.54745425696237,29.408474739770405,2,,巴南区
776.0,107.03792295677086,27.728325334416603,1,,遵义市
776.0,98.59135935611411,24.438010702758117,5,,德宏傣族景颇族自治州
776.0,108.94646555063274,34.34726881662395,4,,西安市
776.0,108.95240424835922,34.902637080502906,5,,铜川市
776.0,107.2445753670404,34.36891564286998,20,,宝鸡市
776.0,107.02943020926463,33.073799907833795,4,,汉中市
776.0,103.84052119633628,36.067234693545565,16,,兰州市
777.0,116.4224009776628,39.93482727239599,1,,东城区
777.0,117.20359278135501,39.15348514470478,4,,河北区
777.0,116.84558075595014,38.310215141107044,2,,沧州市
777.0,116.69058173342549,39.54336666275853,2,,廊坊市
777.0,123.47109664482264,41.68383006919066,27,,沈阳市
777.0,121.62163148459285,38.9189536667856,41,,大连市
777.0,122.22579880279181,40.63070304275062,1,,营口市
777.0,125.3306020759069,43.82195350104314,743,,长春市
777.0,126.55563450495482,43.84356783457924,1675,,吉林市
777.0,124.35648155715893,43.171993571561,12,,四平市
777.0,129.4773763202274,42.91574303372181,7,,延边朝鲜族自治州
777.0,126.54161509031663,45.808825827952184,20,,哈尔滨市
777.0,121.44339635276381,31.194556772822725,1,,徐汇区
777.0,121.38861193361008,31.118842580087428,1,,闵行区
777.0,121.4965630135246,31.41027947347614,1,,宝山区
777.0,121.55045460683195,31.227348292436346,2,,浦东新区
777.0,121.61738317819064,25.22192577305883,2,,金山区
777.0,121.23447959624146,31.037135176464492,1,,松江区
777.0,118.80242172124585,32.06465288561847,2,,南京市
777.0,119.22862133316607,34.60224952526725,1,,连云港市
777.0,120.76355182586005,30.750974830920143,1,,嘉兴市
777.0,118.86659674035565,28.975545802265025,10,,衢州市
777.0,118.09643549976651,24.485406605176305,3,,厦门市
777.0,119.0145209781265,25.45986545592271,13,,莆田市
777.0,118.68244626680422,24.879952330498313,191,,泉州市
777.0,117.65357645298785,24.51892979117087,5,,漳州市
777.0,120.38945519114627,36.072227496663224,10,,青岛市
777.0,118.06145253489896,36.81908568332188,2,,淄博市
777.0,121.45441541730195,37.470038383730525,2,,烟台市
777.0,122.12754097831325,37.5164305480148,4,,威海市
777.0,118.36353300501388,35.11067124236514,6,,临沂市
777.0,116.36555674397471,37.441308454576266,6,,德州市
777.0,117.9774040171467,37.3881961960769,12,,滨州市
777.0,113.24854783457334,35.22096325403899,1,,焦作市
777.0,114.09748283304512,32.15301454753105,1,,信阳市
777.0,112.94547319535287,28.23488939994364,1,,长沙市
777.0,111.474432885931,27.245270272808565,2,,邵阳市
777.0,113.13548942422142,29.3631782939259,1,,岳阳市
777.0,110.00851426537254,27.575160902978517,3,,怀化市
777.0,113.27143134445974,23.135336306695006,1,,广州市
777.0,114.06455183658751,22.548456637984177,46,,深圳市
777.0,108.37345082581861,22.822606601187154,1,,南宁市
777.0,108.66058016842224,21.986593539484296,1,,钦州市
777.0,106.6375590606026,29.723927343006626,1,,渝北区
777.0,106.54745425696237,29.408474739770405,1,,巴南区
777.0,107.03792295677086,27.728325334416603,1,,遵义市
777.0,103.38154905257933,23.36999624760546,1,,红河哈尼族彝族自治州
777.0,98.59135935611411,24.438010702758117,4,,德宏傣族景颇族自治州
777.0,108.94646555063274,34.34726881662395,1,,西安市
777.0,108.95240424835922,34.902637080502906,1,,铜川市
777.0,107.2445753670404,34.36891564286998,7,,宝鸡市
777.0,107.02943020926463,33.073799907833795,2,,汉中市
777.0,103.84052119633628,36.067234693545565,22,,兰州市
778.0,125.295401255854,43.84064147496199,1,,朝阳区
778.0,117.20359278135501,39.15348514470478,21,,河北区
778.0,118.18645947203979,39.63658372414733,7,,唐山市
778.0,114.5456282282352,36.631262731204046,1,,邯郸市
778.0,116.84558075595014,38.310215141107044,1,,沧州市
778.0,116.69058173342549,39.54336666275853,12,,廊坊市
778.0,123.47109664482264,41.68383006919066,17,,沈阳市
778.0,121.62163148459285,38.9189536667856,11,,大连市
778.0,120.45749949793277,41.57982086475567,1,,朝阳市
778.0,125.3306020759069,43.82195350104314,833,,长春市
778.0,126.55563450495482,43.84356783457924,1191,,吉林市
778.0,124.35648155715893,43.171993571561,24,,四平市
778.0,124.83148187569292,45.14740419341382,2,,松原市
778.0,129.4773763202274,42.91574303372181,5,,延边朝鲜族自治州
778.0,126.54161509031663,45.808825827952184,18,,哈尔滨市
778.0,121.51158645453457,31.269746698931357,1,,虹口区
778.0,121.38861193361008,31.118842580087428,2,,闵行区
778.0,121.27259505835202,31.3801553396772,1,,嘉定区
778.0,121.55045460683195,31.227348292436346,7,,浦东新区
778.0,121.40355686271847,31.62856998440405,1,,崇明区
778.0,120.167544265761,33.355100917626196,1,,盐城市
778.0,120.21551180372168,30.25308298169347,1,,杭州市
778.0,121.63084278185603,29.866068124069646,1,,宁波市
778.0,120.76355182586005,30.750974830920143,2,,嘉兴市
778.0,118.86659674035565,28.975545802265025,15,,衢州市
778.0,117.81847679445747,30.95123323991339,2,,铜陵市
778.0,118.09643549976651,24.485406605176305,4,,厦门市
778.0,119.0145209781265,25.45986545592271,13,,莆田市
778.0,118.68244626680422,24.879952330498313,138,,泉州市
778.0,117.65357645298785,24.51892979117087,3,,漳州市
778.0,115.86458944231661,28.68945529506072,5,,南昌市
778.0,114.9405033729825,25.835176103497655,1,,赣州市
778.0,120.38945519114627,36.072227496663224,6,,青岛市
778.0,121.45441541730195,37.470038383730525,2,,烟台市
778.0,122.12754097831325,37.5164305480148,3,,威海市
778.0,118.36353300501388,35.11067124236514,4,,临沂市
778.0,116.36555674397471,37.441308454576266,1,,德州市
778.0,117.9774040171467,37.3881961960769,35,,滨州市
778.0,113.63141920733915,34.75343885045448,1,,郑州市
778.0,114.09748283304512,32.15301454753105,1,,信阳市
778.0,112.94547319535287,28.23488939994364,1,,长沙市
778.0,111.474432885931,27.245270272808565,2,,邵阳市
778.0,113.13548942422142,29.3631782939259,1,,岳阳市
778.0,111.61945505792227,26.425864117900094,1,,永州市
778.0,110.00851426537254,27.575160902978517,1,,怀化市
778.0,114.06455183658751,22.548456637984177,49,,深圳市
778.0,113.58255478654918,22.27656465424921,1,,珠海市
778.0,113.75842045787648,23.02730841164339,1,,东莞市
778.0,98.59135935611411,24.438010702758117,4,,德宏傣族景颇族自治州
778.0,108.95240424835922,34.902637080502906,3,,铜川市
778.0,107.2445753670404,34.36891564286998,11,,宝鸡市
778.0,107.02943020926463,33.073799907833795,1,,汉中市
778.0,103.84052119633628,36.067234693545565,27,,兰州市
778.0,104.1444508283435,36.55082533041454,2,,白银市
779.0,116.4224009776628,39.93482727239599,3,,东城区
779.0,125.295401255854,43.84064147496199,1,,朝阳区
779.0,117.20359278135501,39.15348514470478,51,,河北区
779.0,117.01441017993696,39.14872660896657,2,,西青区
779.0,117.14140273157703,39.2303439099184,1,,北辰区
779.0,117.05059715977872,39.389871228788344,4,,武清区
779.0,117.71739882966088,39.00941577364663,5,,滨海新区
779.0,117.83239334341803,39.33695643122726,1,,宁河区
779.0,118.18645947203979,39.63658372414733,2,,唐山市
779.0,116.84558075595014,38.310215141107044,1,,沧州市
779.0,116.69058173342549,39.54336666275853,48,,廊坊市
779.0,111.75550856170946,40.84842299711348,2,,呼和浩特市
779.0,123.47109664482264,41.68383006919066,8,,沈阳市
779.0,121.62163148459285,38.9189536667856,2,,大连市
779.0,122.22579880279181,40.63070304275062,25,,营口市
779.0,120.45749949793277,41.57982086475567,1,,朝阳市
779.0,125.3306020759069,43.82195350104314,1079,,长春市
779.0,126.55563450495482,43.84356783457924,1542,,吉林市
779.0,124.35648155715893,43.171993571561,8,,四平市
779.0,124.83148187569292,45.14740419341382,1,,松原市
779.0,129.4773763202274,42.91574303372181,2,,延边朝鲜族自治州
779.0,126.54161509031663,45.808825827952184,27,,哈尔滨市
779.0,121.49158559252436,31.23724715206362,2,,黄浦区
779.0,121.44339635276381,31.194556772822725,1,,徐汇区
779.0,121.43045437545099,31.226847968225428,1,,长宁区
779.0,121.38861193361008,31.118842580087428,18,,闵行区
779.0,121.27259505835202,31.3801553396772,1,,嘉定区
779.0,121.55045460683195,31.227348292436346,1,,浦东新区
779.0,120.76355182586005,30.750974830920143,1,,嘉兴市
779.0,118.86659674035565,28.975545802265025,1,,衢州市
779.0,118.09643549976651,24.485406605176305,2,,厦门市
779.0,119.0145209781265,25.45986545592271,28,,莆田市
779.0,118.68244626680422,24.879952330498313,129,,泉州市
779.0,117.65357645298785,24.51892979117087,3,,漳州市
779.0,115.86458944231661,28.68945529506072,1,,南昌市
779.0,120.38945519114627,36.072227496663224,7,,青岛市
779.0,118.06145253489896,36.81908568332188,1,,淄博市
779.0,117.9774040171467,37.3881961960769,5,,滨州市
779.0,114.32076511162192,34.80401391129182,1,,开封市
779.0,113.24854783457334,35.22096325403899,1,,焦作市
779.0,112.94547319535287,28.23488939994364,1,,长沙市
779.0,111.474432885931,27.245270272808565,1,,邵阳市
779.0,110.00851426537254,27.575160902978517,8,,怀化市
779.0,113.27143134445974,23.135336306695006,3,,广州市
779.0,114.06455183658751,22.548456637984177,33,,深圳市
779.0,113.75842045787648,23.02730841164339,1,,东莞市
779.0,113.39942236263188,22.5223146707905,1,,中山市
779.0,103.38154905257933,23.36999624760546,1,,红河哈尼族彝族自治州
779.0,98.59135935611411,24.438010702758117,3,,德宏傣族景颇族自治州
779.0,108.94646555063274,34.34726881662395,2,,西安市
779.0,108.95240424835922,34.902637080502906,2,,铜川市
779.0,107.2445753670404,34.36891564286998,10,,宝鸡市
779.0,103.84052119633628,36.067234693545565,6,,兰州市
780.0,116.4224009776628,39.93482727239599,4,,东城区
780.0,125.295401255854,43.84064147496199,2,,朝阳区
780.0,117.20359278135501,39.15348514470478,12,,河北区
780.0,114.52153190157445,38.0483119268727,1,,石家庄市
780.0,118.18645947203979,39.63658372414733,5,,唐山市
780.0,116.69058173342549,39.54336666275853,6,,廊坊市
780.0,111.75550856170946,40.84842299711348,1,,呼和浩特市
780.0,122.25052178737633,43.657980083916655,1,,通辽市
780.0,123.47109664482264,41.68383006919066,7,,沈阳市
780.0,121.62163148459285,38.9189536667856,5,,大连市
780.0,122.22579880279181,40.63070304275062,55,,营口市
780.0,120.45749949793277,41.57982086475567,2,,朝阳市
780.0,125.3306020759069,43.82195350104314,1437,,长春市
780.0,126.55563450495482,43.84356783457924,1903,,吉林市
780.0,124.35648155715893,43.171993571561,23,,四平市
780.0,129.4773763202274,42.91574303372181,5,,延边朝鲜族自治州
780.0,126.54161509031663,45.808825827952184,43,,哈尔滨市
780.0,119.98148471327892,31.815795653327836,2,,常州市
780.0,120.167544265761,33.355100917626196,2,,盐城市
780.0,120.76355182586005,30.750974830920143,1,,嘉兴市
780.0,118.86659674035565,28.975545802265025,1,,衢州市
780.0,119.30346983854001,26.080429420698078,1,,福州市
780.0,118.09643549976651,24.485406605176305,2,,厦门市
780.0,119.0145209781265,25.45986545592271,20,,莆田市
780.0,118.68244626680422,24.879952330498313,147,,泉州市
780.0,117.65357645298785,24.51892979117087,4,,漳州市
780.0,115.86458944231661,28.68945529506072,14,,南昌市
780.0,120.38945519114627,36.072227496663224,2,,青岛市
780.0,121.45441541730195,37.470038383730525,5,,烟台市
780.0,116.36555674397471,37.441308454576266,2,,德州市
780.0,117.9774040171467,37.3881961960769,17,,滨州市
780.0,113.63141920733915,34.75343885045448,1,,郑州市
780.0,114.32076511162192,34.80401391129182,1,,开封市
780.0,113.24854783457334,35.22096325403899,6,,焦作市
780.0,112.94547319535287,28.23488939994364,2,,长沙市
780.0,110.00851426537254,27.575160902978517,2,,怀化市
780.0,114.06455183658751,22.548456637984177,23,,深圳市
780.0,113.39942236263188,22.5223146707905,2,,中山市
780.0,106.54745425696237,29.408474739770405,1,,巴南区
780.0,105.93349936145171,29.362046335949085,1,,永川区
780.0,103.38154905257933,23.36999624760546,1,,红河哈尼族彝族自治州
780.0,98.59135935611411,24.438010702758117,2,,德宏傣族景颇族自治州
780.0,107.2445753670404,34.36891564286998,7,,宝鸡市
780.0,103.84052119633628,36.067234693545565,5,,兰州市
781.0,116.4224009776628,39.93482727239599,1,,东城区
781.0,125.295401255854,43.84064147496199,3,,朝阳区
781.0,117.25841295306803,39.134487325955114,1,,河东区
781.0,117.20359278135501,39.15348514470478,9,,河北区
781.0,117.15751788327329,39.17328564656417,3,,红桥区
781.0,117.32056850791443,39.09233234281453,1,,东丽区
781.0,117.01441017993696,39.14872660896657,13,,西青区
781.0,117.14140273157703,39.2303439099184,1,,北辰区
781.0,117.71739882966088,39.00941577364663,2,,滨海新区
781.0,114.52153190157445,38.0483119268727,1,,石家庄市
781.0,118.18645947203979,39.63658372414733,1,,唐山市
781.0,116.69058173342549,39.54336666275853,7,,廊坊市
781.0,123.47109664482264,41.68383006919066,7,,沈阳市
781.0,121.62163148459285,38.9189536667856,12,,大连市
781.0,122.22579880279181,40.63070304275062,13,,营口市
781.0,123.24336640651318,41.27416129045421,4,,辽阳市
781.0,120.45749949793277,41.57982086475567,3,,朝阳市
781.0,125.3306020759069,43.82195350104314,1979,,长春市
781.0,126.55563450495482,43.84356783457924,2320,,吉林市
781.0,124.35648155715893,43.171993571561,9,,四平市
781.0,129.4773763202274,42.91574303372181,1,,延边朝鲜族自治州
781.0,126.54161509031663,45.808825827952184,13,,哈尔滨市
781.0,121.44339635276381,31.194556772822725,2,,徐汇区
781.0,121.27259505835202,31.3801553396772,2,,嘉定区
781.0,120.167544265761,33.355100917626196,2,,盐城市
781.0,120.09451660915789,30.898963937294184,1,,湖州市
781.0,119.0145209781265,25.45986545592271,6,,莆田市
781.0,118.68244626680422,24.879952330498313,100,,泉州市
781.0,117.65357645298785,24.51892979117087,4,,漳州市
781.0,115.86458944231661,28.68945529506072,9,,南昌市
781.0,117.12639941261048,36.65655420178723,1,,济南市
781.0,120.38945519114627,36.072227496663224,1,,青岛市
781.0,118.06145253489896,36.81908568332188,1,,淄博市
781.0,121.45441541730195,37.470038383730525,4,,烟台市
781.0,122.12754097831325,37.5164305480148,1,,威海市
781.0,117.9774040171467,37.3881961960769,16,,滨州市
781.0,113.63141920733915,34.75343885045448,1,,郑州市
781.0,114.32076511162192,34.80401391129182,1,,开封市
781.0,114.7079826661061,33.643083575264406,4,,周口市
781.0,112.94547319535287,28.23488939994364,2,,长沙市
781.0,114.06455183658751,22.548456637984177,13,,深圳市
781.0,113.75842045787648,23.02730841164339,1,,东莞市
781.0,113.39942236263188,22.5223146707905,1,,中山市
781.0,98.59135935611411,24.438010702758117,2,,德宏傣族景颇族自治州
781.0,108.94646555063274,34.34726881662395,1,,西安市
781.0,107.2445753670404,34.36891564286998,2,,宝鸡市
781.0,103.84052119633628,36.067234693545565,5,,兰州市
781.0,104.9668643447692,33.37603215910919,1,,陇南市
782.0,116.4224009776628,39.93482727239599,3,,东城区
782.0,125.295401255854,43.84064147496199,1,,朝阳区
782.0,117.25841295306803,39.134487325955114,2,,河东区
782.0,117.15651537432414,39.14410527976771,1,,南开区
782.0,117.20359278135501,39.15348514470478,8,,河北区
782.0,117.15751788327329,39.17328564656417,2,,红桥区
782.0,117.32056850791443,39.09233234281453,3,,东丽区
782.0,117.01441017993696,39.14872660896657,7,,西青区
782.0,117.14140273157703,39.2303439099184,2,,北辰区
782.0,117.83239334341803,39.33695643122726,1,,宁河区
782.0,116.98046860454797,38.95337068917225,6,,静海区
782.0,118.18645947203979,39.63658372414733,1,,唐山市
782.0,119.5259671942601,39.89472719832739,1,,秦皇岛市
782.0,116.69058173342549,39.54336666275853,6,,廊坊市
782.0,123.47109664482264,41.68383006919066,1,,沈阳市
782.0,121.62163148459285,38.9189536667856,2,,大连市
782.0,121.13259630055518,41.10093149946208,1,,锦州市
782.0,123.24336640651318,41.27416129045421,1,,辽阳市
782.0,122.1771181899173,40.72579099974712,1,,盘锦市
782.0,123.73236520917769,42.22994799718447,2,,铁岭市
782.0,120.45749949793277,41.57982086475567,1,,朝阳市
782.0,120.8433983399283,40.71736443636189,1,,葫芦岛市
782.0,125.3306020759069,43.82195350104314,1280,,长春市
782.0,126.55563450495482,43.84356783457924,1810,,吉林市
782.0,124.35648155715893,43.171993571561,9,,四平市
782.0,129.4773763202274,42.91574303372181,5,,延边朝鲜族自治州
782.0,126.54161509031663,45.808825827952184,10,,哈尔滨市
782.0,121.38861193361008,31.118842580087428,2,,闵行区
782.0,121.27259505835202,31.3801553396772,1,,嘉定区
782.0,121.48050373643107,30.923720110285377,1,,奉贤区
782.0,120.31858328810601,31.498809732685714,1,,无锡市
782.0,120.167544265761,33.355100917626196,2,,盐城市
782.0,120.21551180372168,30.25308298169347,1,,杭州市
782.0,120.76355182586005,30.750974830920143,1,,嘉兴市
782.0,118.86659674035565,28.975545802265025,2,,衢州市
782.0,118.43943137653523,31.358536655799266,1,,芜湖市
782.0,119.0145209781265,25.45986545592271,3,,莆田市
782.0,118.68244626680422,24.879952330498313,65,,泉州市
782.0,117.65357645298785,24.51892979117087,1,,漳州市
782.0,115.86458944231661,28.68945529506072,11,,南昌市
782.0,115.96066124030492,29.666660847999456,1,,九江市
782.0,120.38945519114627,36.072227496663224,2,,青岛市
782.0,122.12754097831325,37.5164305480148,2,,威海市
782.0,117.9774040171467,37.3881961960769,14,,滨州市
782.0,114.32076511162192,34.80401391129182,1,,开封市
782.0,113.24854783457334,35.22096325403899,4,,焦作市
782.0,114.7079826661061,33.643083575264406,5,,周口市
782.0,112.94547319535287,28.23488939994364,2,,长沙市
782.0,112.36151595471031,28.559711178489888,1,,益阳市
782.0,110.00851426537254,27.575160902978517,4,,怀化市
782.0,114.06455183658751,22.548456637984177,5,,深圳市
782.0,110.931542579969,21.669064031332095,1,,茂名市
782.0,113.75842045787648,23.02730841164339,1,,东莞市
782.0,113.39942236263188,22.5223146707905,1,,中山市
782.0,106.63955268233484,30.461746110678995,1,,广安市
782.0,107.9894462407788,26.58970296982603,1,,黔东南苗族侗族自治州
782.0,98.59135935611411,24.438010702758117,1,,德宏傣族景颇族自治州
782.0,108.94646555063274,34.34726881662395,1,,西安市
782.0,103.84052119633628,36.067234693545565,4,,兰州市
783.0,117.20359278135501,39.15348514470478,24,,河北区
783.0,116.69058173342549,39.54336666275853,23,,廊坊市
783.0,114.99649620776492,38.522198840134,1,,定州市
783.0,123.47109664482264,41.68383006919066,3,,沈阳市
783.0,121.62163148459285,38.9189536667856,2,,大连市
783.0,122.22579880279181,40.63070304275062,2,,营口市
783.0,123.24336640651318,41.27416129045421,1,,辽阳市
783.0,120.8433983399283,40.71736443636189,1,,葫芦岛市
783.0,125.3306020759069,43.82195350104314,576,,长春市
783.0,126.55563450495482,43.84356783457924,1110,,吉林市
783.0,124.35648155715893,43.171993571561,6,,四平市
783.0,126.54161509031663,45.808825827952184,23,,哈尔滨市
783.0,119.9295663378548,32.4606750493083,2,,泰州市
783.0,120.21551180372168,30.25308298169347,1,,杭州市
783.0,120.76355182586005,30.750974830920143,1,,嘉兴市
783.0,118.86659674035565,28.975545802265025,1,,衢州市
783.0,118.43943137653523,31.358536655799266,1,,芜湖市
783.0,118.68244626680422,24.879952330498313,19,,泉州市
783.0,117.65357645298785,24.51892979117087,1,,漳州市
783.0,115.86458944231661,28.68945529506072,20,,南昌市
783.0,115.96066124030492,29.666660847999456,3,,九江市
783.0,117.12639941261048,36.65655420178723,2,,济南市
783.0,120.38945519114627,36.072227496663224,1,,青岛市
783.0,122.12754097831325,37.5164305480148,2,,威海市
783.0,117.9774040171467,37.3881961960769,8,,滨州市
783.0,114.32076511162192,34.80401391129182,1,,开封市
783.0,113.24854783457334,35.22096325403899,2,,焦作市
783.0,114.02342077764726,33.5877107071022,3,,漯河市
783.0,114.7079826661061,33.643083575264406,4,,周口市
783.0,112.94547319535287,28.23488939994364,1,,长沙市
783.0,114.06455183658751,22.548456637984177,2,,深圳市
783.0,113.75842045787648,23.02730841164339,1,,东莞市
783.0,113.39942236263188,22.5223146707905,1,,中山市
783.0,107.9894462407788,26.58970296982603,1,,黔东南苗族侗族自治州
783.0,100.09544042014869,23.89046855627851,1,,临沧市
783.0,98.59135935611411,24.438010702758117,2,,德宏傣族景颇族自治州
783.0,107.2445753670404,34.36891564286998,3,,宝鸡市
783.0,103.84052119633628,36.067234693545565,4,,兰州市
784.0,125.295401255854,43.84064147496199,1,,朝阳区
784.0,117.25841295306803,39.134487325955114,1,,河东区
784.0,117.20359278135501,39.15348514470478,19,,河北区
784.0,117.15751788327329,39.17328564656417,1,,红桥区
784.0,117.32056850791443,39.09233234281453,1,,东丽区
784.0,117.01441017993696,39.14872660896657,14,,西青区
784.0,117.14140273157703,39.2303439099184,4,,北辰区
784.0,117.71739882966088,39.00941577364663,4,,滨海新区
784.0,116.98046860454797,38.95337068917225,2,,静海区
784.0,118.18645947203979,39.63658372414733,7,,唐山市
784.0,119.5259671942601,39.89472719832739,1,,秦皇岛市
784.0,116.69058173342549,39.54336666275853,11,,廊坊市
784.0,111.75550856170946,40.84842299711348,3,,呼和浩特市
784.0,122.25052178737633,43.657980083916655,1,,通辽市
784.0,123.47109664482264,41.68383006919066,3,,沈阳市
784.0,123.69250712420832,41.49291646055291,1,,本溪市
784.0,121.13259630055518,41.10093149946208,2,,锦州市
784.0,122.22579880279181,40.63070304275062,2,,营口市
784.0,123.24336640651318,41.27416129045421,3,,辽阳市
784.0,122.1771181899173,40.72579099974712,1,,盘锦市
784.0,123.73236520917769,42.22994799718447,1,,铁岭市
784.0,120.45749949793277,41.57982086475567,1,,朝阳市
784.0,125.3306020759069,43.82195350104314,554,,长春市
784.0,126.55563450495482,43.84356783457924,1122,,吉林市
784.0,124.35648155715893,43.171993571561,7,,四平市
784.0,122.8455906084976,45.62550435999602,1,,白城市
784.0,126.54161509031663,45.808825827952184,8,,哈尔滨市
784.0,125.10865763402039,46.59363317672175,1,,大庆市
784.0,121.44339635276381,31.194556772822725,1,,徐汇区
784.0,121.40356934916508,31.254973368279597,1,,普陀区
784.0,121.38861193361008,31.118842580087428,4,,闵行区
784.0,121.55045460683195,31.227348292436346,31,,浦东新区
784.0,121.23447959624146,31.037135176464492,1,,松江区
784.0,120.167544265761,33.355100917626196,3,,盐城市
784.0,119.9295663378548,32.4606750493083,3,,泰州市
784.0,120.76355182586005,30.750974830920143,1,,嘉兴市
784.0,118.43943137653523,31.358536655799266,1,,芜湖市
784.0,118.68244626680422,24.879952330498313,4,,泉州市
784.0,115.86458944231661,28.68945529506072,3,,南昌市
784.0,122.12754097831325,37.5164305480148,1,,威海市
784.0,117.9774040171467,37.3881961960769,5,,滨州市
784.0,114.02342077764726,33.5877107071022,1,,漯河市
784.0,114.7079826661061,33.643083575264406,2,,周口市
784.0,112.94547319535287,28.23488939994364,1,,长沙市
784.0,114.06455183658751,22.548456637984177,2,,深圳市
784.0,113.58255478654918,22.27656465424921,1,,珠海市
784.0,115.38155260365083,22.79126303654673,1,,汕尾市
784.0,105.93349936145171,29.362046335949085,1,,永川区
784.0,98.59135935611411,24.438010702758117,1,,德宏傣族景颇族自治州
784.0,107.2445753670404,34.36891564286998,1,,宝鸡市
784.0,103.84052119633628,36.067234693545565,7,,兰州市
785.0,121.08142549497644,32.07035573967588,1,,通州区
785.0,117.25841295306803,39.134487325955114,2,,河东区
785.0,117.15651537432414,39.14410527976771,1,,南开区
785.0,117.20359278135501,39.15348514470478,10,,河北区
785.0,117.32056850791443,39.09233234281453,3,,东丽区
785.0,117.01441017993696,39.14872660896657,3,,西青区
785.0,117.14140273157703,39.2303439099184,1,,北辰区
785.0,118.18645947203979,39.63658372414733,5,,唐山市
785.0,116.69058173342549,39.54336666275853,5,,廊坊市
785.0,123.47109664482264,41.68383006919066,16,,沈阳市
785.0,121.62163148459285,38.9189536667856,1,,大连市
785.0,123.00137251399407,41.11505359694933,2,,鞍山市
785.0,122.22579880279181,40.63070304275062,7,,营口市
785.0,123.73236520917769,42.22994799718447,1,,铁岭市
785.0,120.8433983399283,40.71736443636189,1,,葫芦岛市
785.0,125.3306020759069,43.82195350104314,633,,长春市
785.0,126.55563450495482,43.84356783457924,1071,,吉林市
785.0,124.35648155715893,43.171993571561,4,,四平市
785.0,126.54161509031663,45.808825827952184,7,,哈尔滨市
785.0,126.97535687530133,46.6600321798244,1,,绥化市
785.0,121.44339635276381,31.194556772822725,5,,徐汇区
785.0,121.43045437545099,31.226847968225428,2,,长宁区
785.0,121.45343177276851,31.233844930401652,3,,静安区
785.0,121.40356934916508,31.254973368279597,1,,普陀区
785.0,121.51158645453457,31.269746698931357,1,,虹口区
785.0,121.53251993732523,31.265524144657057,2,,杨浦区
785.0,121.38861193361008,31.118842580087428,15,,闵行区
785.0,121.4965630135246,31.41027947347614,6,,宝山区
785.0,121.27259505835202,31.3801553396772,9,,嘉定区
785.0,121.55045460683195,31.227348292436346,1,,浦东新区
785.0,119.9295663378548,32.4606750493083,1,,泰州市
785.0,120.09451660915789,30.898963937294184,1,,湖州市
785.0,118.43943137653523,31.358536655799266,2,,芜湖市
785.0,117.00638885071616,32.63184739905333,1,,淮南市
785.0,118.5135795794315,31.676265597609103,2,,马鞍山市
785.0,118.68244626680422,24.879952330498313,1,,泉州市
785.0,115.86458944231661,28.68945529506072,2,,南昌市
785.0,117.0944948347959,36.2058580448846,1,,泰安市
785.0,122.12754097831325,37.5164305480148,1,,威海市
785.0,117.9774040171467,37.3881961960769,4,,滨州市
785.0,112.4594212983115,34.62426277921943,1,,洛阳市
785.0,114.7079826661061,33.643083575264406,13,,周口市
785.0,112.94547319535287,28.23488939994364,2,,长沙市
785.0,110.00851426537254,27.575160902978517,2,,怀化市
785.0,110.931542579969,21.669064031332095,1,,茂名市
785.0,112.47148894063035,23.052888771125616,2,,肇庆市
785.0,115.38155260365083,22.79126303654673,1,,汕尾市
785.0,110.18619487315159,25.24169878354397,1,,桂林市
785.0,98.59135935611411,24.438010702758117,1,,德宏傣族景颇族自治州
785.0,109.03560108265746,32.69051277057377,1,,安康市
785.0,103.84052119633628,36.067234693545565,1,,兰州市
785.0,105.73141674566955,34.58741188165064,1,,天水市
786.0,117.20359278135501,39.15348514470478,7,,河北区
786.0,118.18645947203979,39.63658372414733,2,,唐山市
786.0,119.5259671942601,39.89472719832739,2,,秦皇岛市
786.0,116.69058173342549,39.54336666275853,3,,廊坊市
786.0,123.47109664482264,41.68383006919066,5,,沈阳市
786.0,123.00137251399407,41.11505359694933,2,,鞍山市
786.0,122.22579880279181,40.63070304275062,1,,营口市
786.0,120.8433983399283,40.71736443636189,4,,葫芦岛市
786.0,125.3306020759069,43.82195350104314,706,,长春市
786.0,126.55563450495482,43.84356783457924,1090,,吉林市
786.0,124.35648155715893,43.171993571561,11,,四平市
786.0,125.15042516688747,42.89405500574631,1,,辽源市
786.0,124.83148187569292,45.14740419341382,1,,松原市
786.0,126.54161509031663,45.808825827952184,9,,哈尔滨市
786.0,131.01154459102744,45.77630032154785,1,,七台河市
786.0,117.29057543439453,34.21266655011306,1,,徐州市
786.0,119.9295663378548,32.4606750493083,2,,泰州市
786.0,117.23344266497664,31.826577833686887,1,,合肥市
786.0,118.43943137653523,31.358536655799266,1,,芜湖市
786.0,117.00638885071616,32.63184739905333,1,,淮南市
786.0,118.5135795794315,31.676265597609103,2,,马鞍山市
786.0,118.68244626680422,24.879952330498313,4,,泉州市
786.0,118.08735102597767,27.389104987898513,1,,南平市
786.0,118.06145253489896,36.81908568332188,1,,淄博市
786.0,117.0944948347959,36.2058580448846,4,,泰安市
786.0,117.9774040171467,37.3881961960769,3,,滨州市
786.0,114.02342077764726,33.5877107071022,1,,漯河市
786.0,114.7079826661061,33.643083575264406,8,,周口市
786.0,114.06455183658751,22.548456637984177,1,,深圳市
786.0,112.47148894063035,23.052888771125616,2,,肇庆市
786.0,113.75842045787648,23.02730841164339,1,,东莞市
786.0,110.18619487315159,25.24169878354397,1,,桂林市
786.0,98.59135935611411,24.438010702758117,1,,德宏傣族景颇族自治州
786.0,109.03560108265746,32.69051277057377,4,,安康市
787.0,117.25841295306803,39.134487325955114,1,,河东区
787.0,117.20359278135501,39.15348514470478,6,,河北区
787.0,117.32056850791443,39.09233234281453,1,,东丽区
787.0,117.01441017993696,39.14872660896657,3,,西青区
787.0,115.47146383768579,38.87998776845534,1,,保定市
787.0,116.69058173342549,39.54336666275853,5,,廊坊市
787.0,112.74062416023847,38.42238338517772,3,,忻州市
787.0,123.47109664482264,41.68383006919066,5,,沈阳市
787.0,123.00137251399407,41.11505359694933,1,,鞍山市
787.0,122.22579880279181,40.63070304275062,1,,营口市
787.0,120.8433983399283,40.71736443636189,3,,葫芦岛市
787.0,125.3306020759069,43.82195350104314,622,,长春市
787.0,126.55563450495482,43.84356783457924,1055,,吉林市
787.0,124.35648155715893,43.171993571561,7,,四平市
787.0,126.54161509031663,45.808825827952184,4,,哈尔滨市
787.0,125.10865763402039,46.59363317672175,1,,大庆市
787.0,121.49158559252436,31.23724715206362,1,,黄浦区
787.0,121.44339635276381,31.194556772822725,6,,徐汇区
787.0,121.43045437545099,31.226847968225428,7,,长宁区
787.0,121.45343177276851,31.233844930401652,10,,静安区
787.0,121.40356934916508,31.254973368279597,3,,普陀区
787.0,121.51158645453457,31.269746698931357,4,,虹口区
787.0,121.38861193361008,31.118842580087428,9,,闵行区
787.0,121.4965630135246,31.41027947347614,8,,宝山区
787.0,121.27259505835202,31.3801553396772,2,,嘉定区
787.0,121.55045460683195,31.227348292436346,39,,浦东新区
787.0,121.61738317819064,25.22192577305883,1,,金山区
787.0,121.23447959624146,31.037135176464492,4,,松江区
787.0,121.13055310467274,31.155454317980737,2,,青浦区
787.0,119.98148471327892,31.815795653327836,1,,常州市
787.0,120.59241222959322,31.303564074441766,1,,苏州市
787.0,119.9295663378548,32.4606750493083,1,,泰州市
787.0,120.21551180372168,30.25308298169347,1,,杭州市
787.0,121.63084278185603,29.866068124069646,1,,宁波市
787.0,120.76355182586005,30.750974830920143,3,,嘉兴市
787.0,120.09451660915789,30.898963937294184,4,,湖州市
787.0,122.21355631852045,29.99091168016034,1,,舟山市
787.0,117.00638885071616,32.63184739905333,3,,淮南市
787.0,118.5135795794315,31.676265597609103,1,,马鞍山市
787.0,118.76553424276743,30.94660154529291,1,,宣城市
787.0,118.68244626680422,24.879952330498313,7,,泉州市
787.0,115.86458944231661,28.68945529506072,1,,南昌市
787.0,117.33054194483897,34.815994048435115,8,,枣庄市
787.0,117.0944948347959,36.2058580448846,3,,泰安市
787.0,117.9774040171467,37.3881961960769,1,,滨州市
787.0,113.63141920733915,34.75343885045448,1,,郑州市
787.0,114.7079826661061,33.643083575264406,2,,周口市
787.0,112.94547319535287,28.23488939994364,3,,长沙市
787.0,112.00150349288418,27.703208596991583,1,,娄底市
787.0,114.06455183658751,22.548456637984177,3,,深圳市
787.0,110.931542579969,21.669064031332095,1,,茂名市
787.0,112.47148894063035,23.052888771125616,3,,肇庆市
787.0,113.75842045787648,23.02730841164339,1,,东莞市
787.0,106.63657676352776,26.653324822309752,1,,贵阳市
787.0,107.2445753670404,34.36891564286998,1,,宝鸡市
787.0,109.03560108265746,32.69051277057377,2,,安康市
788.0,121.08142549497644,32.07035573967588,2,,通州区
788.0,117.20359278135501,39.15348514470478,6,,河北区
788.0,119.5259671942601,39.89472719832739,3,,秦皇岛市
788.0,116.69058173342549,39.54336666275853,3,,廊坊市
788.0,123.47109664482264,41.68383006919066,3,,沈阳市
788.0,122.22579880279181,40.63070304275062,1,,营口市
788.0,120.8433983399283,40.71736443636189,1,,葫芦岛市
788.0,125.3306020759069,43.82195350104314,875,,长春市
788.0,126.55563450495482,43.84356783457924,1150,,吉林市
788.0,124.35648155715893,43.171993571561,7,,四平市
788.0,126.54161509031663,45.808825827952184,1,,哈尔滨市
788.0,130.327359092573,46.80568999085779,15,,佳木斯市
788.0,121.49158559252436,31.23724715206362,6,,黄浦区
788.0,121.44339635276381,31.194556772822725,34,,徐汇区
788.0,121.43045437545099,31.226847968225428,3,,长宁区
788.0,121.45343177276851,31.233844930401652,8,,静安区
788.0,121.40356934916508,31.254973368279597,6,,普陀区
788.0,121.51158645453457,31.269746698931357,7,,虹口区
788.0,121.53251993732523,31.265524144657057,3,,杨浦区
788.0,121.38861193361008,31.118842580087428,29,,闵行区
788.0,121.4965630135246,31.41027947347614,33,,宝山区
788.0,121.27259505835202,31.3801553396772,9,,嘉定区
788.0,121.55045460683195,31.227348292436346,169,,浦东新区
788.0,121.61738317819064,25.22192577305883,2,,金山区
788.0,121.23447959624146,31.037135176464492,15,,松江区
788.0,121.48050373643107,30.923720110285377,1,,奉贤区
788.0,121.40355686271847,31.62856998440405,1,,崇明区
788.0,119.9295663378548,32.4606750493083,1,,泰州市
788.0,120.21551180372168,30.25308298169347,1,,杭州市
788.0,120.76355182586005,30.750974830920143,3,,嘉兴市
788.0,120.09451660915789,30.898963937294184,4,,湖州市
788.0,119.9295730584414,28.473278180563412,1,,丽水市
788.0,118.43943137653523,31.358536655799266,1,,芜湖市
788.0,117.00638885071616,32.63184739905333,2,,淮南市
788.0,118.09643549976651,24.485406605176305,2,,厦门市
788.0,119.0145209781265,25.45986545592271,1,,莆田市
788.0,118.68244626680422,24.879952330498313,7,,泉州市
788.0,115.86458944231661,28.68945529506072,1,,南昌市
788.0,120.38945519114627,36.072227496663224,1,,青岛市
788.0,117.33054194483897,34.815994048435115,1,,枣庄市
788.0,117.0944948347959,36.2058580448846,1,,泰安市
788.0,116.36555674397471,37.441308454576266,1,,德州市
788.0,114.7079826661061,33.643083575264406,26,,周口市
788.0,112.94547319535287,28.23488939994364,2,,长沙市
788.0,112.00150349288418,27.703208596991583,1,,娄底市
788.0,114.06455183658751,22.548456637984177,1,,深圳市
788.0,113.58255478654918,22.27656465424921,1,,珠海市
788.0,110.2067198964201,20.052113086180366,1,,海口市
788.0,110.39943436554806,18.800106988303387,1,,万宁市
788.0,106.63657676352776,26.653324822309752,1,,贵阳市
788.0,100.62662114445924,36.2921024798988,2,,海南藏族自治州
789.0,117.20359278135501,39.15348514470478,5,,河北区
789.0,118.18645947203979,39.63658372414733,1,,唐山市
789.0,115.47146383768579,38.87998776845534,1,,保定市
789.0,116.69058173342549,39.54336666275853,3,,廊坊市
789.0,112.74062416023847,38.42238338517772,2,,忻州市
789.0,118.8955203975195,42.2616861034116,1,,赤峰市
789.0,123.47109664482264,41.68383006919066,7,,沈阳市
789.0,122.22579880279181,40.63070304275062,2,,营口市
789.0,125.3306020759069,43.82195350104314,997,,长春市
789.0,126.55563450495482,43.84356783457924,1340,,吉林市
789.0,124.35648155715893,43.171993571561,6,,四平市
789.0,122.8455906084976,45.62550435999602,4,,白城市
789.0,126.54161509031663,45.808825827952184,5,,哈尔滨市
789.0,130.327359092573,46.80568999085779,11,,佳木斯市
789.0,129.6395397783469,44.55624570898632,2,,牡丹江市
789.0,126.97535687530133,46.6600321798244,1,,绥化市
789.0,121.49158559252436,31.23724715206362,16,,黄浦区
789.0,121.44339635276381,31.194556772822725,14,,徐汇区
789.0,121.43045437545099,31.226847968225428,8,,长宁区
789.0,121.45343177276851,31.233844930401652,8,,静安区
789.0,121.40356934916508,31.254973368279597,6,,普陀区
789.0,121.51158645453457,31.269746698931357,1,,虹口区
789.0,121.53251993732523,31.265524144657057,3,,杨浦区
789.0,121.38861193361008,31.118842580087428,17,,闵行区
789.0,121.4965630135246,31.41027947347614,1,,宝山区
789.0,121.27259505835202,31.3801553396772,9,,嘉定区
789.0,121.55045460683195,31.227348292436346,252,,浦东新区
789.0,121.23447959624146,31.037135176464492,8,,松江区
789.0,121.13055310467274,31.155454317980737,5,,青浦区
789.0,121.48050373643107,30.923720110285377,7,,奉贤区
789.0,120.31858328810601,31.498809732685714,1,,无锡市
789.0,120.167544265761,33.355100917626196,2,,盐城市
789.0,119.43048944567383,32.19471592052375,1,,镇江市
789.0,119.9295663378548,32.4606750493083,1,,泰州市
789.0,120.21551180372168,30.25308298169347,1,,杭州市
789.0,121.63084278185603,29.866068124069646,3,,宁波市
789.0,120.76355182586005,30.750974830920143,4,,嘉兴市
789.0,120.09451660915789,30.898963937294184,1,,湖州市
789.0,120.59002264710614,30.057657361054257,1,,绍兴市
789.0,117.00638885071616,32.63184739905333,1,,淮南市
789.0,118.09643549976651,24.485406605176305,2,,厦门市
789.0,118.68244626680422,24.879952330498313,8,,泉州市
789.0,119.55451074542829,26.672241711408567,1,,宁德市
789.0,115.86458944231661,28.68945529506072,1,,南昌市
789.0,117.12639941261048,36.65655420178723,1,,济南市
789.0,115.48754503343376,35.23940742476551,1,,菏泽市
789.0,114.7079826661061,33.643083575264406,15,,周口市
789.0,112.57844721325992,26.899576139189122,1,,衡阳市
789.0,109.74557664946683,28.317369104701186,1,,湘西土家族苗族自治州
789.0,113.27143134445974,23.135336306695006,1,,广州市
789.0,114.06455183658751,22.548456637984177,6,,深圳市
789.0,113.58255478654918,22.27656465424921,1,,珠海市
789.0,113.75842045787648,23.02730841164339,3,,东莞市
789.0,110.2067198964201,20.052113086180366,2,,海口市
789.0,106.66842977859555,29.50268309883491,1,,南岸区
789.0,105.5994215306444,30.53909767110912,1,,遂宁市
789.0,103.7725376036347,29.55794071745811,2,,乐山市
789.0,103.80243482794681,25.496406931543667,1,,曲靖市
789.0,100.97256981472799,22.830979186010275,1,,普洱市
789.0,100.62662114445924,36.2921024798988,2,,海南藏族自治州
789.0,87.62443993536046,43.830763204290484,1,,乌鲁木齐市
790.0,117.20359278135501,39.15348514470478,2,,河北区
790.0,115.47146383768579,38.87998776845534,1,,保定市
790.0,116.69058173342549,39.54336666275853,1,,廊坊市
790.0,122.22579880279181,40.63070304275062,2,,营口市
790.0,125.3306020759069,43.82195350104314,1078,,长春市
790.0,126.55563450495482,43.84356783457924,1363,,吉林市
790.0,124.35648155715893,43.171993571561,6,,四平市
790.0,122.8455906084976,45.62550435999602,3,,白城市
790.0,126.54161509031663,45.808825827952184,5,,哈尔滨市
790.0,125.10865763402039,46.59363317672175,2,,大庆市
790.0,130.327359092573,46.80568999085779,9,,佳木斯市
790.0,120.31858328810601,31.498809732685714,1,,无锡市
790.0,117.29057543439453,34.21266655011306,4,,徐州市
790.0,120.167544265761,33.355100917626196,2,,盐城市
790.0,119.43048944567383,32.19471592052375,2,,镇江市
790.0,118.86659674035565,28.975545802265025,2,,衢州市
790.0,117.00638885071616,32.63184739905333,1,,淮南市
790.0,115.82043612491321,32.89606099485221,1,,阜阳市
790.0,118.68244626680422,24.879952330498313,4,,泉州市
790.0,119.55451074542829,26.672241711408567,1,,宁德市
790.0,115.86458944231661,28.68945529506072,1,,南昌市
790.0,117.12639941261048,36.65655420178723,2,,济南市
790.0,121.45441541730195,37.470038383730525,1,,烟台市
790.0,116.59361234853988,35.420177394529645,1,,济宁市
790.0,113.63141920733915,34.75343885045448,1,,郑州市
790.0,112.4594212983115,34.62426277921943,1,,洛阳市
790.0,114.09748283304512,32.15301454753105,1,,信阳市
790.0,112.57844721325992,26.899576139189122,2,,衡阳市
790.0,112.00150349288418,27.703208596991583,1,,娄底市
790.0,113.58255478654918,22.27656465424921,1,,珠海市
790.0,112.47148894063035,23.052888771125616,1,,肇庆市
790.0,113.75842045787648,23.02730841164339,1,,东莞市
790.0,113.39942236263188,22.5223146707905,1,,中山市
790.0,110.2067198964201,20.052113086180366,1,,海口市
790.0,110.4805445259504,19.26425401991763,1,,琼海市
790.0,103.7725376036347,29.55794071745811,1,,乐山市
790.0,106.63657676352776,26.653324822309752,1,,贵阳市
790.0,100.62662114445924,36.2921024798988,2,,海南藏族自治州
