CityName,CityCode,LastUpdate,incrConfirmed
河西区,120103,2022-01-13,1
津南区,120112,2022-01-13,40
郑州市,4101,2022-01-13,3
安阳市,4105,2022-01-13,55
许昌市,4110,2022-01-13,28
信阳市,4115,2022-01-13,1
深圳市,4403,2022-01-13,1
西安市,6101,2022-01-13,6
河西区,120103,2022-01-14,2
红桥区,120106,2022-01-14,1
西青区,120111,2022-01-14,3
津南区,120112,2022-01-14,28
静安区,310106,2022-01-14,2
郑州市,4101,2022-01-14,4
安阳市,4105,2022-01-14,69
许昌市,4110,2022-01-14,25
中山市,4420,2022-01-14,1
西安市,6101,2022-01-14,8
西青区,120111,2022-01-15,2
津南区,120112,2022-01-15,37
杭州市,3301,2022-01-15,1
郑州市,4101,2022-01-15,3
安阳市,4105,2022-01-15,37
许昌市,4110,2022-01-15,12
深圳市,4403,2022-01-15,2
珠海市,4404,2022-01-15,6
西安市,6101,2022-01-15,4
海淀区,110108,2022-01-16,1
西青区,120111,2022-01-16,1
津南区,120112,2022-01-16,32
郑州市,4101,2022-01-16,7
安阳市,4105,2022-01-16,15
许昌市,4110,2022-01-16,7
珠海市,4404,2022-01-16,1
西安市,6101,2022-01-16,1
郑州市,4101,2022-01-17,1
安阳市,4105,2022-01-17,60
许昌市,4110,2022-01-17,7
深圳市,4403,2022-01-17,2
珠海市,4404,2022-01-17,5
梅州市,4414,2022-01-17,1
中山市,4420,2022-01-17,1
西安市,6101,2022-01-17,5
海淀区,110108,2022-01-18,1
河西区,120103,2022-01-18,1
西青区,120111,2022-01-18,2
津南区,120112,2022-01-18,15
郑州市,4101,2022-01-18,4
安阳市,4105,2022-01-18,94
许昌市,4110,2022-01-18,4
珠海市,4404,2022-01-18,5
西安市,6101,2022-01-18,1
海淀区,110108,2022-01-19,1
郑州市,4101,2022-01-19,1
安阳市,4105,2022-01-19,29
许昌市,4110,2022-01-19,3
深圳市,4403,2022-01-19,1
珠海市,4404,2022-01-19,6
朝阳区,110105,2022-01-20,1
丰台区,110106,2022-01-20,2
朝阳市,2113,2022-01-20,1
郑州市,4101,2022-01-20,1
安阳市,4105,2022-01-20,19
许昌市,4110,2022-01-20,4
珠海市,4404,2022-01-20,2
丰台区,110106,2022-01-21,2
房山区,110111,2022-01-21,3
安阳市,4105,2022-01-21,3
珠海市,4404,2022-01-21,4
丰台区,110106,2022-01-22,6
海淀区,110108,2022-01-22,2
大兴区,110115,2022-01-22,1
安阳市,4105,2022-01-22,4
珠海市,4404,2022-01-22,3
丰台区,110106,2022-01-23,6
海淀区,110108,2022-01-23,1
房山区,110111,2022-01-23,2
安阳市,4105,2022-01-23,1
珠海市,4404,2022-01-23,3
西双版纳傣族自治州,5328,2022-01-23,1
丰台区,110106,2022-01-24,4
房山区,110111,2022-01-24,1
大兴区,110115,2022-01-24,1
河北区,120105,2022-01-24,3
保定市,1306,2022-01-24,3
大同市,1402,2022-01-24,1
济南市,3701,2022-01-24,2
安阳市,4105,2022-01-24,1
珠海市,4404,2022-01-24,1
西双版纳傣族自治州,5328,2022-01-24,3
西城区,110102,2022-01-25,1
朝阳区,110105,2022-01-25,4
丰台区,110106,2022-01-25,11
大兴区,110115,2022-01-25,1
河北区,120105,2022-01-25,2
津南区,120112,2022-01-25,1
沈阳市,2101,2022-01-25,1
朝阳市,2113,2022-01-25,4
牡丹江市,2310,2022-01-25,4
奉贤区,310120,2022-01-25,1
安阳市,4105,2022-01-25,3
伊犁哈萨克自治州,6540,2022-01-25,6
西城区,110102,2022-01-26,1
朝阳区,110105,2022-01-26,3
丰台区,110106,2022-01-26,9
大兴区,110115,2022-01-26,1
河北区,120105,2022-01-26,1
保定市,1306,2022-01-26,1
沈阳市,2101,2022-01-26,1
朝阳市,2113,2022-01-26,3
牡丹江市,2310,2022-01-26,4
杭州市,3301,2022-01-26,1
安阳市,4105,2022-01-26,1
中山市,4420,2022-01-26,1
伊犁哈萨克自治州,6540,2022-01-26,2
丰台区,110106,2022-01-27,5
河北区,120105,2022-01-27,4
廊坊市,1310,2022-01-27,4
吉林市,2202,2022-01-27,1
牡丹江市,2310,2022-01-27,5
奉贤区,310120,2022-01-27,1
杭州市,3301,2022-01-27,6
安阳市,4105,2022-01-27,1
安顺市,5204,2022-01-27,1
伊犁哈萨克自治州,6540,2022-01-27,1
西城区,110102,2022-01-29,1
丰台区,110106,2022-01-29,4
河北区,120105,2022-01-29,1
保定市,1306,2022-01-29,1
大同市,1402,2022-01-29,1
牡丹江市,2310,2022-01-29,2
杭州市,3301,2022-01-29,18
安阳市,4105,2022-01-29,1
伊犁哈萨克自治州,6540,2022-01-29,3
西城区,110102,2022-01-30,1
朝阳区,110105,2022-01-30,2
丰台区,110106,2022-01-30,11
大兴区,110115,2022-01-30,4
津南区,120112,2022-01-30,1
朝阳市,2113,2022-01-30,2
牡丹江市,2310,2022-01-30,4
杭州市,3301,2022-01-30,19
安阳市,4105,2022-01-30,1
三门峡市,4112,2022-01-30,1
西双版纳傣族自治州,5328,2022-01-30,1
朝阳区,110105,2022-01-31,1
丰台区,110106,2022-01-31,2
滨海新区,120116,2022-01-31,3
朝阳市,2113,2022-01-31,1
牡丹江市,2310,2022-01-31,1
杭州市,3301,2022-01-31,24
平顶山市,4104,2022-01-31,1
朝阳区,110105,2022-02-01,1
丰台区,110106,2022-02-01,1
河北区,120105,2022-02-01,4
红桥区,120106,2022-02-01,2
津南区,120112,2022-02-01,1
衡水市,1311,2022-02-01,4
朝阳市,2113,2022-02-01,1
杭州市,3301,2022-02-01,13
深圳市,4403,2022-02-01,1
丰台区,110106,2022-02-02,2
河东区,120102,2022-02-02,2
河北区,120105,2022-02-02,1
滨海新区,120116,2022-02-02,4
衡水市,1311,2022-02-02,1
吉林市,2202,2022-02-02,1
杭州市,3301,2022-02-02,15
深圳市,4403,2022-02-02,2
惠州市,4413,2022-02-02,1
梅州市,4414,2022-02-02,1
河源市,4416,2022-02-02,1
云浮市,4453,2022-02-02,1
丰台区,110106,2022-02-03,1
大兴区,110115,2022-02-03,1
杭州市,3301,2022-02-03,2
深圳市,4403,2022-02-03,4
惠州市,4413,2022-02-03,2
云浮市,4453,2022-02-03,4
杭州市,3301,2022-02-04,2
深圳市,4403,2022-02-04,4
惠州市,4413,2022-02-04,1
丰台区,110106,2022-02-05,1
邵阳市,4305,2022-02-05,1
深圳市,4403,2022-02-05,2
惠州市,4413,2022-02-05,2
云浮市,4453,2022-02-05,2
百色市,4510,2022-02-05,1
西城区,110102,2022-02-06,1
朝阳区,110105,2022-02-06,1
河北区,120105,2022-02-06,2
廊坊市,1310,2022-02-06,2
朝阳市,2113,2022-02-06,1
邵阳市,4305,2022-02-06,1
惠州市,4413,2022-02-06,1
百色市,4510,2022-02-06,43
葫芦岛市,2114,2022-02-08,1
百色市,4510,2022-02-08,83
葫芦岛市,2114,2022-02-09,1
百色市,4510,2022-02-09,72
吉林市,2202,2022-02-10,2
百色市,4510,2022-02-10,7
沈阳市,2101,2022-02-11,1
葫芦岛市,2114,2022-02-11,26
百色市,4510,2022-02-11,38
铜仁市,5206,2022-02-11,1
葫芦岛市,2114,2022-02-12,10
百色市,4510,2022-02-12,30
西青区,120111,2022-02-13,1
葫芦岛市,2114,2022-02-13,11
深圳市,4403,2022-02-13,1
南宁市,4501,2022-02-13,1
百色市,4510,2022-02-13,12
文山壮族苗族自治州,5326,2022-02-13,2
葫芦岛市,2114,2022-02-14,18
深圳市,4403,2022-02-14,1
百色市,4510,2022-02-14,6
文山壮族苗族自治州,5326,2022-02-14,1
沈阳市,2101,2022-02-15,1
葫芦岛市,2114,2022-02-15,28
苏州市,3205,2022-02-15,8
深圳市,4403,2022-02-15,2
百色市,4510,2022-02-15,1
呼和浩特市,1501,2022-02-16,2
呼伦贝尔市,1507,2022-02-16,5
葫芦岛市,2114,2022-02-16,15
苏州市,3205,2022-02-16,18
南通市,3206,2022-02-16,1
深圳市,4403,2022-02-16,3
百色市,4510,2022-02-16,2
呼和浩特市,1501,2022-02-18,21
包头市,1502,2022-02-18,1
葫芦岛市,2114,2022-02-18,9
吉林市,2202,2022-02-18,2
苏州市,3205,2022-02-18,4
深圳市,4403,2022-02-18,3
东莞市,4419,2022-02-18,1
红河哈尼族彝族自治州,5325,2022-02-18,1
呼和浩特市,1501,2022-02-20,63
包头市,1502,2022-02-20,2
葫芦岛市,2114,2022-02-20,9
苏州市,3205,2022-02-20,16
深圳市,4403,2022-02-20,8
红河哈尼族彝族自治州,5325,2022-02-20,3
晋中市,1407,2022-02-21,5
呼和浩特市,1501,2022-02-21,30
包头市,1502,2022-02-21,1
巴彦淖尔市,1508,2022-02-21,1
葫芦岛市,2114,2022-02-21,7
鸡西市,2303,2022-02-21,2
无锡市,3202,2022-02-21,1
苏州市,3205,2022-02-21,10
深圳市,4403,2022-02-21,6
成都市,5101,2022-02-21,9
红河哈尼族彝族自治州,5325,2022-02-21,1
德宏傣族景颇族自治州,5331,2022-02-21,3
呼和浩特市,1501,2022-02-22,18
包头市,1502,2022-02-22,3
巴彦淖尔市,1508,2022-02-22,1
葫芦岛市,2114,2022-02-22,6
无锡市,3202,2022-02-22,2
苏州市,3205,2022-02-22,10
青岛市,3702,2022-02-22,1
武汉市,4201,2022-02-22,14
深圳市,4403,2022-02-22,3
成都市,5101,2022-02-22,5
红河哈尼族彝族自治州,5325,2022-02-22,1
德宏傣族景颇族自治州,5331,2022-02-22,4
西城区,110102,2022-02-23,3
朝阳区,110105,2022-02-23,1
丰台区,110106,2022-02-23,2
海淀区,110108,2022-02-23,1
通州区,110112,2022-02-23,2
顺义区,110113,2022-02-23,1
大兴区,110115,2022-02-23,2
晋中市,1407,2022-02-23,1
呼和浩特市,1501,2022-02-23,44
包头市,1502,2022-02-23,7
巴彦淖尔市,1508,2022-02-23,1
朝阳市,2113,2022-02-23,1
葫芦岛市,2114,2022-02-23,9
鸡西市,2303,2022-02-23,1
苏州市,3205,2022-02-23,4
青岛市,3702,2022-02-23,1
武汉市,4201,2022-02-23,5
深圳市,4403,2022-02-23,7
成都市,5101,2022-02-23,6
红河哈尼族彝族自治州,5325,2022-02-23,2
西城区,110102,2022-02-24,2
晋中市,1407,2022-02-24,1
忻州市,1409,2022-02-24,1
呼和浩特市,1501,2022-02-24,37
包头市,1502,2022-02-24,4
葫芦岛市,2114,2022-02-24,8
吉林市,2202,2022-02-24,3
苏州市,3205,2022-02-24,3
武汉市,4201,2022-02-24,10
深圳市,4403,2022-02-24,8
防城港市,4506,2022-02-24,3
成都市,5101,2022-02-24,6
临沧市,5309,2022-02-24,2
红河哈尼族彝族自治州,5325,2022-02-24,1
朝阳区,110105,2022-02-25,1
通州区,110112,2022-02-25,1
太原市,1401,2022-02-25,1
晋中市,1407,2022-02-25,2
呼和浩特市,1501,2022-02-25,28
包头市,1502,2022-02-25,2
朝阳市,2113,2022-02-25,1
葫芦岛市,2114,2022-02-25,18
吉林市,2202,2022-02-25,2
鸡西市,2303,2022-02-25,1
苏州市,3205,2022-02-25,2
青岛市,3702,2022-02-25,1
武汉市,4201,2022-02-25,2
深圳市,4403,2022-02-25,8
防城港市,4506,2022-02-25,4
成都市,5101,2022-02-25,5
临沧市,5309,2022-02-25,1
红河哈尼族彝族自治州,5325,2022-02-25,4
朝阳区,110105,2022-02-26,1
东丽区,120110,2022-02-26,1
呼和浩特市,1501,2022-02-26,52
呼伦贝尔市,1507,2022-02-26,2
朝阳市,2113,2022-02-26,1
葫芦岛市,2114,2022-02-26,10
鸡西市,2303,2022-02-26,1
苏州市,3205,2022-02-26,4
厦门市,3502,2022-02-26,1
深圳市,4403,2022-02-26,15
珠海市,4404,2022-02-26,2
东莞市,4419,2022-02-26,19
防城港市,4506,2022-02-26,9
成都市,5101,2022-02-26,2
临沧市,5309,2022-02-26,2
红河哈尼族彝族自治州,5325,2022-02-26,1
朝阳区,110105,2022-02-27,1
昌平区,110114,2022-02-27,1
东丽区,120110,2022-02-27,3
太原市,1401,2022-02-27,1
晋中市,1407,2022-02-27,1
呼和浩特市,1501,2022-02-27,35
包头市,1502,2022-02-27,1
呼伦贝尔市,1507,2022-02-27,2
朝阳市,2113,2022-02-27,1
葫芦岛市,2114,2022-02-27,6
吉林市,2202,2022-02-27,2
苏州市,3205,2022-02-27,2
武汉市,4201,2022-02-27,2
深圳市,4403,2022-02-27,26
东莞市,4419,2022-02-27,22
防城港市,4506,2022-02-27,7
成都市,5101,2022-02-27,2
眉山市,5114,2022-02-27,1
临沧市,5309,2022-02-27,2
晋中市,1407,2022-03-01,1
呼和浩特市,1501,2022-03-01,13
包头市,1502,2022-03-01,1
哈尔滨市,2301,2022-03-01,1
牡丹江市,2310,2022-03-01,3
苏州市,3205,2022-03-01,3
武汉市,4201,2022-03-01,2
深圳市,4403,2022-03-01,23
东莞市,4419,2022-03-01,7
中山市,4420,2022-03-01,1
防城港市,4506,2022-03-01,6
三亚市,4602,2022-03-01,1
成都市,5101,2022-03-01,1
临沧市,5309,2022-03-01,1
德宏傣族景颇族自治州,5331,2022-03-01,5
海南藏族自治州,6325,2022-03-01,1
滨海新区,120116,2022-03-02,1
晋中市,1407,2022-03-02,1
呼和浩特市,1501,2022-03-02,16
包头市,1502,2022-03-02,1
葫芦岛市,2114,2022-03-02,2
吉林市,2202,2022-03-02,4
延边朝鲜族自治州,2224,2022-03-02,4
哈尔滨市,2301,2022-03-02,2
牡丹江市,2310,2022-03-02,2
普陀区,310107,2022-03-02,1
青岛市,3702,2022-03-02,4
深圳市,4403,2022-03-02,25
珠海市,4404,2022-03-02,1
东莞市,4419,2022-03-02,6
防城港市,4506,2022-03-02,2
成都市,5101,2022-03-02,3
德宏傣族景颇族自治州,5331,2022-03-02,1
河北区,120105,2022-03-03,1
滨海新区,120116,2022-03-03,1
邯郸市,1304,2022-03-03,1
晋中市,1407,2022-03-03,1
呼和浩特市,1501,2022-03-03,6
包头市,1502,2022-03-03,1
吉林市,2202,2022-03-03,13
延边朝鲜族自治州,2224,2022-03-03,3
哈尔滨市,2301,2022-03-03,1
普陀区,310107,2022-03-03,3
闵行区,310112,2022-03-03,1
松江区,310117,2022-03-03,1
苏州市,3205,2022-03-03,1
温州市,3303,2022-03-03,2
武汉市,4201,2022-03-03,4
深圳市,4403,2022-03-03,23
东莞市,4419,2022-03-03,5
防城港市,4506,2022-03-03,2
成都市,5101,2022-03-03,1
德宏傣族景颇族自治州,5331,2022-03-03,1
河北区,120105,2022-03-04,5
东丽区,120110,2022-03-04,1
石家庄市,1301,2022-03-04,1
邢台市,1305,2022-03-04,4
呼和浩特市,1501,2022-03-04,9
呼伦贝尔市,1507,2022-03-04,2
吉林市,2202,2022-03-04,8
延边朝鲜族自治州,2224,2022-03-04,4
哈尔滨市,2301,2022-03-04,3
闵行区,310112,2022-03-04,1
松江区,310117,2022-03-04,1
徐州市,3203,2022-03-04,1
温州市,3303,2022-03-04,2
武汉市,4201,2022-03-04,4
深圳市,4403,2022-03-04,22
防城港市,4506,2022-03-04,3
保山市,5305,2022-03-04,1
红河哈尼族彝族自治州,5325,2022-03-04,2
德宏傣族景颇族自治州,5331,2022-03-04,1
河北区,120105,2022-03-05,6
东丽区,120110,2022-03-05,3
石家庄市,1301,2022-03-05,2
邢台市,1305,2022-03-05,3
保定市,1306,2022-03-05,1
晋中市,1407,2022-03-05,1
呼和浩特市,1501,2022-03-05,5
呼伦贝尔市,1507,2022-03-05,3
长春市,2201,2022-03-05,5
吉林市,2202,2022-03-05,20
延边朝鲜族自治州,2224,2022-03-05,6
哈尔滨市,2301,2022-03-05,1
青岛市,3702,2022-03-05,5
武汉市,4201,2022-03-05,1
怀化市,4312,2022-03-05,1
深圳市,4403,2022-03-05,21
惠州市,4413,2022-03-05,1
东莞市,4419,2022-03-05,24
防城港市,4506,2022-03-05,3
三亚市,4602,2022-03-05,2
成都市,5101,2022-03-05,1
德宏傣族景颇族自治州,5331,2022-03-05,2
海南藏族自治州,6325,2022-03-05,2
河北区,120105,2022-03-06,14
石家庄市,1301,2022-03-06,5
邯郸市,1304,2022-03-06,1
邢台市,1305,2022-03-06,4
保定市,1306,2022-03-06,4
晋中市,1407,2022-03-06,1
呼和浩特市,1501,2022-03-06,7
鄂尔多斯市,1506,2022-03-06,1
呼伦贝尔市,1507,2022-03-06,1
长春市,2201,2022-03-06,7
吉林市,2202,2022-03-06,25
延边朝鲜族自治州,2224,2022-03-06,9
连云港市,3207,2022-03-06,4
杭州市,3301,2022-03-06,2
青岛市,3702,2022-03-06,88
郑州市,4101,2022-03-06,1
深圳市,4403,2022-03-06,17
河源市,4416,2022-03-06,1
东莞市,4419,2022-03-06,2
百色市,4510,2022-03-06,5
临沧市,5309,2022-03-06,1
德宏傣族景颇族自治州,5331,2022-03-06,3
西安市,6101,2022-03-06,2
河北区,120105,2022-03-07,9
邢台市,1305,2022-03-07,9
太原市,1401,2022-03-07,1
呼和浩特市,1501,2022-03-07,3
包头市,1502,2022-03-07,1
鄂尔多斯市,1506,2022-03-07,2
呼伦贝尔市,1507,2022-03-07,1
长春市,2201,2022-03-07,7
吉林市,2202,2022-03-07,55
延边朝鲜族自治州,2224,2022-03-07,5
徐汇区,310104,2022-03-07,2
浦东新区,310115,2022-03-07,1
连云港市,3207,2022-03-07,5
嘉兴市,3304,2022-03-07,1
青岛市,3702,2022-03-07,58
威海市,3710,2022-03-07,1
武汉市,4201,2022-03-07,2
深圳市,4403,2022-03-07,19
东莞市,4419,2022-03-07,50
防城港市,4506,2022-03-07,1
德宏傣族景颇族自治州,5331,2022-03-07,4
西安市,6101,2022-03-07,4
兰州市,6201,2022-03-07,12
朝阳区,110105,2022-03-09,4
海淀区,110108,2022-03-09,2
河北区,120105,2022-03-09,11
西青区,120111,2022-03-09,5
石家庄市,1301,2022-03-09,2
邢台市,1305,2022-03-09,5
保定市,1306,2022-03-09,3
沧州市,1309,2022-03-09,1
晋城市,1405,2022-03-09,1
运城市,1408,2022-03-09,2
呼和浩特市,1501,2022-03-09,2
阿拉善盟,1529,2022-03-09,1
沈阳市,2101,2022-03-09,1
朝阳市,2113,2022-03-09,4
长春市,2201,2022-03-09,12
吉林市,2202,2022-03-09,94
延边朝鲜族自治州,2224,2022-03-09,9
哈尔滨市,2301,2022-03-09,1
静安区,310106,2022-03-09,1
闵行区,310112,2022-03-09,1
嘉定区,310114,2022-03-09,1
连云港市,3207,2022-03-09,11
湖州市,3305,2022-03-09,1
青岛市,3702,2022-03-09,55
淄博市,3703,2022-03-09,1
威海市,3710,2022-03-09,1
日照市,3711,2022-03-09,2
濮阳市,4109,2022-03-09,1
深圳市,4403,2022-03-09,6
阳江市,4417,2022-03-09,1
东莞市,4419,2022-03-09,1
昆明市,5301,2022-03-09,2
德宏傣族景颇族自治州,5331,2022-03-09,2
西安市,6101,2022-03-09,10
宝鸡市,6103,2022-03-09,6
汉中市,6107,2022-03-09,1
朝阳区,110105,2022-03-10,2
海淀区,110108,2022-03-10,2
河北区,120105,2022-03-10,10
西青区,120111,2022-03-10,14
津南区,120112,2022-03-10,2
北辰区,120113,2022-03-10,2
武清区,120114,2022-03-10,1
石家庄市,1301,2022-03-10,1
邢台市,1305,2022-03-10,7
沧州市,1309,2022-03-10,1
廊坊市,1310,2022-03-10,1
运城市,1408,2022-03-10,2
呼和浩特市,1501,2022-03-10,3
沈阳市,2101,2022-03-10,4
朝阳市,2113,2022-03-10,2
长春市,2201,2022-03-10,23
吉林市,2202,2022-03-10,165
松原市,2207,2022-03-10,1
延边朝鲜族自治州,2224,2022-03-10,7
徐汇区,310104,2022-03-10,1
静安区,310106,2022-03-10,1
闵行区,310112,2022-03-10,1
浦东新区,310115,2022-03-10,1
连云港市,3207,2022-03-10,13
杭州市,3301,2022-03-10,1
温州市,3303,2022-03-10,1
衢州市,3308,2022-03-10,1
青岛市,3702,2022-03-10,56
淄博市,3703,2022-03-10,2
烟台市,3706,2022-03-10,1
威海市,3710,2022-03-10,7
濮阳市,4109,2022-03-10,2
深圳市,4403,2022-03-10,15
阳江市,4417,2022-03-10,1
东莞市,4419,2022-03-10,1
保山市,5305,2022-03-10,1
德宏傣族景颇族自治州,5331,2022-03-10,2
西安市,6101,2022-03-10,13
宝鸡市,6103,2022-03-10,7
汉中市,6107,2022-03-10,1
兰州市,6201,2022-03-10,59
白银市,6204,2022-03-10,7
朝阳区,110105,2022-03-11,2
海淀区,110108,2022-03-11,2
大兴区,110115,2022-03-11,1
河北区,120105,2022-03-11,16
邢台市,1305,2022-03-11,3
保定市,1306,2022-03-11,1
沧州市,1309,2022-03-11,7
廊坊市,1310,2022-03-11,5
呼和浩特市,1501,2022-03-11,1
阿拉善盟,1529,2022-03-11,1
沈阳市,2101,2022-03-11,4
朝阳市,2113,2022-03-11,2
长春市,2201,2022-03-11,2
吉林市,2202,2022-03-11,99
延边朝鲜族自治州,2224,2022-03-11,3
哈尔滨市,2301,2022-03-11,8
虹口区,310109,2022-03-11,2
闵行区,310112,2022-03-11,2
嘉定区,310114,2022-03-11,1
浦东新区,310115,2022-03-11,4
青浦区,310118,2022-03-11,1
南京市,3201,2022-03-11,2
连云港市,3207,2022-03-11,34
杭州市,3301,2022-03-11,14
衢州市,3308,2022-03-11,3
青岛市,3702,2022-03-11,103
淄博市,3703,2022-03-11,1
烟台市,3706,2022-03-11,3
潍坊市,3707,2022-03-11,1
威海市,3710,2022-03-11,8
德州市,3714,2022-03-11,6
濮阳市,4109,2022-03-11,1
广州市,4401,2022-03-11,1
深圳市,4403,2022-03-11,9
东莞市,4419,2022-03-11,1
昆明市,5301,2022-03-11,1
德宏傣族景颇族自治州,5331,2022-03-11,4
西安市,6101,2022-03-11,8
宝鸡市,6103,2022-03-11,8
汉中市,6107,2022-03-11,2
兰州市,6201,2022-03-11,18
白银市,6204,2022-03-11,8
西宁市,6301,2022-03-11,1
大兴区,110115,2022-03-12,1
河西区,120103,2022-03-12,4
南开区,120104,2022-03-12,3
河北区,120105,2022-03-12,22
红桥区,120106,2022-03-12,4
西青区,120111,2022-03-12,15
津南区,120112,2022-03-12,4
武清区,120114,2022-03-12,3
滨海新区,120116,2022-03-12,2
石家庄市,1301,2022-03-12,1
邢台市,1305,2022-03-12,1
沧州市,1309,2022-03-12,13
廊坊市,1310,2022-03-12,7
呼和浩特市,1501,2022-03-12,1
长春市,2201,2022-03-12,63
吉林市,2202,2022-03-12,136
延边朝鲜族自治州,2224,2022-03-12,5
哈尔滨市,2301,2022-03-12,2
虹口区,310109,2022-03-12,2
浦东新区,310115,2022-03-12,1
青浦区,310118,2022-03-12,1
连云港市,3207,2022-03-12,20
杭州市,3301,2022-03-12,22
湖州市,3305,2022-03-12,1
厦门市,3502,2022-03-12,1
青岛市,3702,2022-03-12,139
淄博市,3703,2022-03-12,4
烟台市,3706,2022-03-12,1
潍坊市,3707,2022-03-12,1
威海市,3710,2022-03-12,2
德州市,3714,2022-03-12,10
滨州市,3716,2022-03-12,2
濮阳市,4109,2022-03-12,1
广州市,4401,2022-03-12,2
深圳市,4403,2022-03-12,27
东莞市,4419,2022-03-12,4
昆明市,5301,2022-03-12,2
德宏傣族景颇族自治州,5331,2022-03-12,2
西安市,6101,2022-03-12,13
宝鸡市,6103,2022-03-12,12
汉中市,6107,2022-03-12,4
兰州市,6201,2022-03-12,4
西宁市,6301,2022-03-12,1
朝阳区,110105,2022-03-13,4
海淀区,110108,2022-03-13,3
门头沟区,110109,2022-03-13,1
顺义区,110113,2022-03-13,1
河西区,120103,2022-03-13,3
河北区,120105,2022-03-13,33
西青区,120111,2022-03-13,8
津南区,120112,2022-03-13,1
武清区,120114,2022-03-13,5
保定市,1306,2022-03-13,1
沧州市,1309,2022-03-13,9
廊坊市,1310,2022-03-13,23
呼伦贝尔市,1507,2022-03-13,1
沈阳市,2101,2022-03-13,1
朝阳市,2113,2022-03-13,4
长春市,2201,2022-03-13,831
吉林市,2202,2022-03-13,1416
四平市,2203,2022-03-13,1
松原市,2207,2022-03-13,1
延边朝鲜族自治州,2224,2022-03-13,10
哈尔滨市,2301,2022-03-13,3
长宁区,310105,2022-03-13,1
闵行区,310112,2022-03-13,4
嘉定区,310114,2022-03-13,1
金山区,310116,2022-03-13,1
常州市,3204,2022-03-13,3
连云港市,3207,2022-03-13,23
杭州市,3301,2022-03-13,16
嘉兴市,3304,2022-03-13,1
湖州市,3305,2022-03-13,1
衢州市,3308,2022-03-13,1
青岛市,3702,2022-03-13,179
淄博市,3703,2022-03-13,5
威海市,3710,2022-03-13,5
日照市,3711,2022-03-13,1
德州市,3714,2022-03-13,24
滨州市,3716,2022-03-13,3
濮阳市,4109,2022-03-13,1
湘潭市,4303,2022-03-13,1
深圳市,4403,2022-03-13,60
东莞市,4419,2022-03-13,2
遵义市,5203,2022-03-13,2
德宏傣族景颇族自治州,5331,2022-03-13,2
西安市,6101,2022-03-13,9
宝鸡市,6103,2022-03-13,32
汉中市,6107,2022-03-13,2
兰州市,6201,2022-03-13,5
东城区,110101,2022-03-14,1
朝阳区,110105,2022-03-14,4
海淀区,110108,2022-03-14,2
顺义区,110113,2022-03-14,1
河西区,120103,2022-03-14,5
南开区,120104,2022-03-14,6
河北区,120105,2022-03-14,51
红桥区,120106,2022-03-14,2
西青区,120111,2022-03-14,2
津南区,120112,2022-03-14,3
北辰区,120113,2022-03-14,2
武清区,120114,2022-03-14,16
滨海新区,120116,2022-03-14,4
邢台市,1305,2022-03-14,2
沧州市,1309,2022-03-14,19
廊坊市,1310,2022-03-14,30
沈阳市,2101,2022-03-14,1
营口市,2108,2022-03-14,5
盘锦市,2111,2022-03-14,1
铁岭市,2112,2022-03-14,2
朝阳市,2113,2022-03-14,4
长春市,2201,2022-03-14,550
吉林市,2202,2022-03-14,1039
四平市,2203,2022-03-14,7
松原市,2207,2022-03-14,1
延边朝鲜族自治州,2224,2022-03-14,10
哈尔滨市,2301,2022-03-14,7
黄浦区,310101,2022-03-14,3
徐汇区,310104,2022-03-14,4
长宁区,310105,2022-03-14,2
静安区,310106,2022-03-14,6
普陀区,310107,2022-03-14,1
虹口区,310109,2022-03-14,1
闵行区,310112,2022-03-14,9
嘉定区,310114,2022-03-14,5
浦东新区,310115,2022-03-14,5
金山区,310116,2022-03-14,1
松江区,310117,2022-03-14,1
青浦区,310118,2022-03-14,2
奉贤区,310120,2022-03-14,1
常州市,3204,2022-03-14,3
连云港市,3207,2022-03-14,12
宿迁市,3213,2022-03-14,1
杭州市,3301,2022-03-14,4
嘉兴市,3304,2022-03-14,6
衢州市,3308,2022-03-14,1
厦门市,3502,2022-03-14,2
泉州市,3505,2022-03-14,10
青岛市,3702,2022-03-14,82
淄博市,3703,2022-03-14,7
烟台市,3706,2022-03-14,1
威海市,3710,2022-03-14,1
日照市,3711,2022-03-14,1
德州市,3714,2022-03-14,13
滨州市,3716,2022-03-14,2
广州市,4401,2022-03-14,1
深圳市,4403,2022-03-14,75
东莞市,4419,2022-03-14,2
中山市,4420,2022-03-14,1
钦州市,4507,2022-03-14,3
渝北区,500112,2022-03-14,1
巴南区,500113,2022-03-14,1
红河哈尼族彝族自治州,5325,2022-03-14,1
德宏傣族景颇族自治州,5331,2022-03-14,3
西安市,6101,2022-03-14,14
宝鸡市,6103,2022-03-14,45
汉中市,6107,2022-03-14,1
兰州市,6201,2022-03-14,12
东城区,110101,2022-03-16,4
朝阳区,110105,2022-03-16,5
南开区,120104,2022-03-16,2
河北区,120105,2022-03-16,38
红桥区,120106,2022-03-16,1
西青区,120111,2022-03-16,11
武清区,120114,2022-03-16,28
宝坻区,120115,2022-03-16,2
滨海新区,120116,2022-03-16,6
邯郸市,1304,2022-03-16,1
沧州市,1309,2022-03-16,5
廊坊市,1310,2022-03-16,32
沈阳市,2101,2022-03-16,8
大连市,2102,2022-03-16,13
营口市,2108,2022-03-16,11
朝阳市,2113,2022-03-16,5
长春市,2201,2022-03-16,1044
吉林市,2202,2022-03-16,1458
四平市,2203,2022-03-16,11
松原市,2207,2022-03-16,1
白城市,2208,2022-03-16,1
延边朝鲜族自治州,2224,2022-03-16,8
哈尔滨市,2301,2022-03-16,15
徐汇区,310104,2022-03-16,1
闵行区,310112,2022-03-16,1
浦东新区,310115,2022-03-16,2
奉贤区,310120,2022-03-16,1
南京市,3201,2022-03-16,1
常州市,3204,2022-03-16,5
连云港市,3207,2022-03-16,5
镇江市,3211,2022-03-16,1
宿迁市,3213,2022-03-16,1
宁波市,3302,2022-03-16,1
嘉兴市,3304,2022-03-16,8
衢州市,3308,2022-03-16,30
铜陵市,3407,2022-03-16,1
厦门市,3502,2022-03-16,5
泉州市,3505,2022-03-16,21
青岛市,3702,2022-03-16,39
淄博市,3703,2022-03-16,8
烟台市,3706,2022-03-16,1
威海市,3710,2022-03-16,7
临沂市,3713,2022-03-16,4
德州市,3714,2022-03-16,8
滨州市,3716,2022-03-16,14
十堰市,4203,2022-03-16,1
长沙市,4301,2022-03-16,1
韶关市,4402,2022-03-16,1
深圳市,4403,2022-03-16,55
珠海市,4404,2022-03-16,1
东莞市,4419,2022-03-16,1
中山市,4420,2022-03-16,1
南宁市,4501,2022-03-16,1
钦州市,4507,2022-03-16,4
渝北区,500112,2022-03-16,1
江津区,500116,2022-03-16,1
永川区,500118,2022-03-16,1
遵义市,5203,2022-03-16,3
红河哈尼族彝族自治州,5325,2022-03-16,2
德宏傣族景颇族自治州,5331,2022-03-16,4
西安市,6101,2022-03-16,8
铜川市,6102,2022-03-16,1
宝鸡市,6103,2022-03-16,13
咸阳市,6104,2022-03-16,1
汉中市,6107,2022-03-16,5
兰州市,6201,2022-03-16,5
东城区,110101,2022-03-17,3
河西区,120103,2022-03-17,1
南开区,120104,2022-03-17,4
河北区,120105,2022-03-17,38
红桥区,120106,2022-03-17,5
西青区,120111,2022-03-17,10
武清区,120114,2022-03-17,21
宝坻区,120115,2022-03-17,1
滨海新区,120116,2022-03-17,6
沧州市,1309,2022-03-17,26
廊坊市,1310,2022-03-17,12
沈阳市,2101,2022-03-17,3
大连市,2102,2022-03-17,38
营口市,2108,2022-03-17,21
长春市,2201,2022-03-17,309
吉林市,2202,2022-03-17,988
四平市,2203,2022-03-17,11
松原市,2207,2022-03-17,3
延边朝鲜族自治州,2224,2022-03-17,6
哈尔滨市,2301,2022-03-17,16
黄浦区,310101,2022-03-17,1
徐汇区,310104,2022-03-17,2
闵行区,310112,2022-03-17,1
嘉定区,310114,2022-03-17,4
常州市,3204,2022-03-17,2
连云港市,3207,2022-03-17,3
嘉兴市,3304,2022-03-17,9
绍兴市,3306,2022-03-17,1
衢州市,3308,2022-03-17,18
铜陵市,3407,2022-03-17,1
厦门市,3502,2022-03-17,6
三明市,3504,2022-03-17,1
泉州市,3505,2022-03-17,96
宁德市,3509,2022-03-17,1
南昌市,3601,2022-03-17,2
青岛市,3702,2022-03-17,14
淄博市,3703,2022-03-17,1
烟台市,3706,2022-03-17,1
威海市,3710,2022-03-17,6
临沂市,3713,2022-03-17,2
德州市,3714,2022-03-17,3
滨州市,3716,2022-03-17,14
洛阳市,4103,2022-03-17,1
长沙市,4301,2022-03-17,1
岳阳市,4306,2022-03-17,1
广州市,4401,2022-03-17,4
深圳市,4403,2022-03-17,71
珠海市,4404,2022-03-17,1
东莞市,4419,2022-03-17,7
钦州市,4507,2022-03-17,7
巴南区,500113,2022-03-17,1
江津区,500116,2022-03-17,1
遵义市,5203,2022-03-17,2
红河哈尼族彝族自治州,5325,2022-03-17,1
德宏傣族景颇族自治州,5331,2022-03-17,4
西安市,6101,2022-03-17,2
铜川市,6102,2022-03-17,4
宝鸡市,6103,2022-03-17,14
咸阳市,6104,2022-03-17,2
汉中市,6107,2022-03-17,4
兰州市,6201,2022-03-17,12
东城区,110101,2022-03-18,2
西城区,110102,2022-03-18,2
朝阳区,110105,2022-03-18,2
丰台区,110106,2022-03-18,1
河北区,120105,2022-03-18,24
廊坊市,1310,2022-03-18,24
呼和浩特市,1501,2022-03-18,3
通辽市,1505,2022-03-18,4
沈阳市,2101,2022-03-18,4
大连市,2102,2022-03-18,13
营口市,2108,2022-03-18,29
朝阳市,2113,2022-03-18,2
长春市,2201,2022-03-18,938
吉林市,2202,2022-03-18,2219
四平市,2203,2022-03-18,30
松原市,2207,2022-03-18,1
延边朝鲜族自治州,2224,2022-03-18,5
哈尔滨市,2301,2022-03-18,16
黄浦区,310101,2022-03-18,11
徐汇区,310104,2022-03-18,8
静安区,310106,2022-03-18,2
普陀区,310107,2022-03-18,5
杨浦区,310110,2022-03-18,1
宝山区,310113,2022-03-18,1
嘉定区,310114,2022-03-18,4
浦东新区,310115,2022-03-18,24
奉贤区,310120,2022-03-18,1
常州市,3204,2022-03-18,2
连云港市,3207,2022-03-18,1
宿迁市,3213,2022-03-18,1
嘉兴市,3304,2022-03-18,4
衢州市,3308,2022-03-18,12
舟山市,3309,2022-03-18,1
福州市,3501,2022-03-18,1
厦门市,3502,2022-03-18,3
莆田市,3503,2022-03-18,2
泉州市,3505,2022-03-18,247
漳州市,3506,2022-03-18,1
南昌市,3601,2022-03-18,2
青岛市,3702,2022-03-18,24
淄博市,3703,2022-03-18,1
烟台市,3706,2022-03-18,2
临沂市,3713,2022-03-18,3
德州市,3714,2022-03-18,4
滨州市,3716,2022-03-18,31
洛阳市,4103,2022-03-18,1
长沙市,4301,2022-03-18,1
邵阳市,4305,2022-03-18,2
岳阳市,4306,2022-03-18,1
怀化市,4312,2022-03-18,1
深圳市,4403,2022-03-18,69
珠海市,4404,2022-03-18,1
东莞市,4419,2022-03-18,4
南宁市,4501,2022-03-18,1
桂林市,4503,2022-03-18,1
巴南区,500113,2022-03-18,2
遵义市,5203,2022-03-18,1
德宏傣族景颇族自治州,5331,2022-03-18,5
西安市,6101,2022-03-18,4
铜川市,6102,2022-03-18,5
宝鸡市,6103,2022-03-18,20
汉中市,6107,2022-03-18,4
兰州市,6201,2022-03-18,16
东城区,110101,2022-03-19,1
河北区,120105,2022-03-19,4
沧州市,1309,2022-03-19,2
廊坊市,1310,2022-03-19,2
沈阳市,2101,2022-03-19,27
大连市,2102,2022-03-19,41
营口市,2108,2022-03-19,1
长春市,2201,2022-03-19,743
吉林市,2202,2022-03-19,1675
四平市,2203,2022-03-19,12
延边朝鲜族自治州,2224,2022-03-19,7
哈尔滨市,2301,2022-03-19,20
徐汇区,310104,2022-03-19,1
闵行区,310112,2022-03-19,1
宝山区,310113,2022-03-19,1
浦东新区,310115,2022-03-19,2
金山区,310116,2022-03-19,2
松江区,310117,2022-03-19,1
南京市,3201,2022-03-19,2
连云港市,3207,2022-03-19,1
嘉兴市,3304,2022-03-19,1
衢州市,3308,2022-03-19,10
厦门市,3502,2022-03-19,3
莆田市,3503,2022-03-19,13
泉州市,3505,2022-03-19,191
漳州市,3506,2022-03-19,5
青岛市,3702,2022-03-19,10
淄博市,3703,2022-03-19,2
烟台市,3706,2022-03-19,2
威海市,3710,2022-03-19,4
临沂市,3713,2022-03-19,6
德州市,3714,2022-03-19,6
滨州市,3716,2022-03-19,12
焦作市,4108,2022-03-19,1
信阳市,4115,2022-03-19,1
长沙市,4301,2022-03-19,1
邵阳市,4305,2022-03-19,2
岳阳市,4306,2022-03-19,1
怀化市,4312,2022-03-19,3
广州市,4401,2022-03-19,1
深圳市,4403,2022-03-19,46
南宁市,4501,2022-03-19,1
钦州市,4507,2022-03-19,1
渝北区,500112,2022-03-19,1
巴南区,500113,2022-03-19,1
遵义市,5203,2022-03-19,1
红河哈尼族彝族自治州,5325,2022-03-19,1
德宏傣族景颇族自治州,5331,2022-03-19,4
西安市,6101,2022-03-19,1
铜川市,6102,2022-03-19,1
宝鸡市,6103,2022-03-19,7
汉中市,6107,2022-03-19,2
兰州市,6201,2022-03-19,22
朝阳区,110105,2022-03-20,1
河北区,120105,2022-03-20,21
唐山市,1302,2022-03-20,7
邯郸市,1304,2022-03-20,1
沧州市,1309,2022-03-20,1
廊坊市,1310,2022-03-20,12
沈阳市,2101,2022-03-20,17
大连市,2102,2022-03-20,11
朝阳市,2113,2022-03-20,1
长春市,2201,2022-03-20,833
吉林市,2202,2022-03-20,1191
四平市,2203,2022-03-20,24
松原市,2207,2022-03-20,2
延边朝鲜族自治州,2224,2022-03-20,5
哈尔滨市,2301,2022-03-20,18
虹口区,310109,2022-03-20,1
闵行区,310112,2022-03-20,2
嘉定区,310114,2022-03-20,1
浦东新区,310115,2022-03-20,7
崇明区,310151,2022-03-20,1
盐城市,3209,2022-03-20,1
杭州市,3301,2022-03-20,1
宁波市,3302,2022-03-20,1
嘉兴市,3304,2022-03-20,2
衢州市,3308,2022-03-20,15
铜陵市,3407,2022-03-20,2
厦门市,3502,2022-03-20,4
莆田市,3503,2022-03-20,13
泉州市,3505,2022-03-20,138
漳州市,3506,2022-03-20,3
南昌市,3601,2022-03-20,5
赣州市,3607,2022-03-20,1
青岛市,3702,2022-03-20,6
烟台市,3706,2022-03-20,2
威海市,3710,2022-03-20,3
临沂市,3713,2022-03-20,4
德州市,3714,2022-03-20,1
滨州市,3716,2022-03-20,35
郑州市,4101,2022-03-20,1
信阳市,4115,2022-03-20,1
长沙市,4301,2022-03-20,1
邵阳市,4305,2022-03-20,2
岳阳市,4306,2022-03-20,1
永州市,4311,2022-03-20,1
怀化市,4312,2022-03-20,1
深圳市,4403,2022-03-20,49
珠海市,4404,2022-03-20,1
东莞市,4419,2022-03-20,1
德宏傣族景颇族自治州,5331,2022-03-20,4
铜川市,6102,2022-03-20,3
宝鸡市,6103,2022-03-20,11
汉中市,6107,2022-03-20,1
兰州市,6201,2022-03-20,27
白银市,6204,2022-03-20,2
东城区,110101,2022-03-21,3
朝阳区,110105,2022-03-21,1
河北区,120105,2022-03-21,51
西青区,120111,2022-03-21,2
北辰区,120113,2022-03-21,1
武清区,120114,2022-03-21,4
滨海新区,120116,2022-03-21,5
宁河区,120117,2022-03-21,1
唐山市,1302,2022-03-21,2
沧州市,1309,2022-03-21,1
廊坊市,1310,2022-03-21,48
呼和浩特市,1501,2022-03-21,2
沈阳市,2101,2022-03-21,8
大连市,2102,2022-03-21,2
营口市,2108,2022-03-21,25
朝阳市,2113,2022-03-21,1
长春市,2201,2022-03-21,1079
吉林市,2202,2022-03-21,1542
四平市,2203,2022-03-21,8
松原市,2207,2022-03-21,1
延边朝鲜族自治州,2224,2022-03-21,2
哈尔滨市,2301,2022-03-21,27
黄浦区,310101,2022-03-21,2
徐汇区,310104,2022-03-21,1
长宁区,310105,2022-03-21,1
闵行区,310112,2022-03-21,18
嘉定区,310114,2022-03-21,1
浦东新区,310115,2022-03-21,1
嘉兴市,3304,2022-03-21,1
衢州市,3308,2022-03-21,1
厦门市,3502,2022-03-21,2
莆田市,3503,2022-03-21,28
泉州市,3505,2022-03-21,129
漳州市,3506,2022-03-21,3
南昌市,3601,2022-03-21,1
青岛市,3702,2022-03-21,7
淄博市,3703,2022-03-21,1
滨州市,3716,2022-03-21,5
开封市,4102,2022-03-21,1
焦作市,4108,2022-03-21,1
长沙市,4301,2022-03-21,1
邵阳市,4305,2022-03-21,1
怀化市,4312,2022-03-21,8
广州市,4401,2022-03-21,3
深圳市,4403,2022-03-21,33
东莞市,4419,2022-03-21,1
中山市,4420,2022-03-21,1
红河哈尼族彝族自治州,5325,2022-03-21,1
德宏傣族景颇族自治州,5331,2022-03-21,3
西安市,6101,2022-03-21,2
铜川市,6102,2022-03-21,2
宝鸡市,6103,2022-03-21,10
兰州市,6201,2022-03-21,6
东城区,110101,2022-03-22,4
朝阳区,110105,2022-03-22,2
河北区,120105,2022-03-22,12
石家庄市,1301,2022-03-22,1
唐山市,1302,2022-03-22,5
廊坊市,1310,2022-03-22,6
呼和浩特市,1501,2022-03-22,1
通辽市,1505,2022-03-22,1
沈阳市,2101,2022-03-22,7
大连市,2102,2022-03-22,5
营口市,2108,2022-03-22,55
朝阳市,2113,2022-03-22,2
长春市,2201,2022-03-22,1437
吉林市,2202,2022-03-22,1903
四平市,2203,2022-03-22,23
延边朝鲜族自治州,2224,2022-03-22,5
哈尔滨市,2301,2022-03-22,43
常州市,3204,2022-03-22,2
盐城市,3209,2022-03-22,2
嘉兴市,3304,2022-03-22,1
衢州市,3308,2022-03-22,1
福州市,3501,2022-03-22,1
厦门市,3502,2022-03-22,2
莆田市,3503,2022-03-22,20
泉州市,3505,2022-03-22,147
漳州市,3506,2022-03-22,4
南昌市,3601,2022-03-22,14
青岛市,3702,2022-03-22,2
烟台市,3706,2022-03-22,5
德州市,3714,2022-03-22,2
滨州市,3716,2022-03-22,17
郑州市,4101,2022-03-22,1
开封市,4102,2022-03-22,1
焦作市,4108,2022-03-22,6
长沙市,4301,2022-03-22,2
怀化市,4312,2022-03-22,2
深圳市,4403,2022-03-22,23
中山市,4420,2022-03-22,2
巴南区,500113,2022-03-22,1
永川区,500118,2022-03-22,1
红河哈尼族彝族自治州,5325,2022-03-22,1
德宏傣族景颇族自治州,5331,2022-03-22,2
宝鸡市,6103,2022-03-22,7
兰州市,6201,2022-03-22,5
东城区,110101,2022-03-23,1
朝阳区,110105,2022-03-23,3
河东区,120102,2022-03-23,1
河北区,120105,2022-03-23,9
红桥区,120106,2022-03-23,3
东丽区,120110,2022-03-23,1
西青区,120111,2022-03-23,13
北辰区,120113,2022-03-23,1
滨海新区,120116,2022-03-23,2
石家庄市,1301,2022-03-23,1
唐山市,1302,2022-03-23,1
廊坊市,1310,2022-03-23,7
沈阳市,2101,2022-03-23,7
大连市,2102,2022-03-23,12
营口市,2108,2022-03-23,13
辽阳市,2110,2022-03-23,4
朝阳市,2113,2022-03-23,3
长春市,2201,2022-03-23,1979
吉林市,2202,2022-03-23,2320
四平市,2203,2022-03-23,9
延边朝鲜族自治州,2224,2022-03-23,1
哈尔滨市,2301,2022-03-23,13
徐汇区,310104,2022-03-23,2
嘉定区,310114,2022-03-23,2
盐城市,3209,2022-03-23,2
湖州市,3305,2022-03-23,1
莆田市,3503,2022-03-23,6
泉州市,3505,2022-03-23,100
漳州市,3506,2022-03-23,4
南昌市,3601,2022-03-23,9
济南市,3701,2022-03-23,1
青岛市,3702,2022-03-23,1
淄博市,3703,2022-03-23,1
烟台市,3706,2022-03-23,4
威海市,3710,2022-03-23,1
滨州市,3716,2022-03-23,16
郑州市,4101,2022-03-23,1
开封市,4102,2022-03-23,1
周口市,4116,2022-03-23,4
长沙市,4301,2022-03-23,2
深圳市,4403,2022-03-23,13
东莞市,4419,2022-03-23,1
中山市,4420,2022-03-23,1
德宏傣族景颇族自治州,5331,2022-03-23,2
西安市,6101,2022-03-23,1
宝鸡市,6103,2022-03-23,2
兰州市,6201,2022-03-23,5
陇南市,6212,2022-03-23,1
东城区,110101,2022-03-24,3
朝阳区,110105,2022-03-24,1
河东区,120102,2022-03-24,2
南开区,120104,2022-03-24,1
河北区,120105,2022-03-24,8
红桥区,120106,2022-03-24,2
东丽区,120110,2022-03-24,3
西青区,120111,2022-03-24,7
北辰区,120113,2022-03-24,2
宁河区,120117,2022-03-24,1
静海区,120118,2022-03-24,6
唐山市,1302,2022-03-24,1
秦皇岛市,1303,2022-03-24,1
廊坊市,1310,2022-03-24,6
沈阳市,2101,2022-03-24,1
大连市,2102,2022-03-24,2
锦州市,2107,2022-03-24,1
辽阳市,2110,2022-03-24,1
盘锦市,2111,2022-03-24,1
铁岭市,2112,2022-03-24,2
朝阳市,2113,2022-03-24,1
葫芦岛市,2114,2022-03-24,1
长春市,2201,2022-03-24,1280
吉林市,2202,2022-03-24,1810
四平市,2203,2022-03-24,9
延边朝鲜族自治州,2224,2022-03-24,5
哈尔滨市,2301,2022-03-24,10
闵行区,310112,2022-03-24,2
嘉定区,310114,2022-03-24,1
奉贤区,310120,2022-03-24,1
无锡市,3202,2022-03-24,1
盐城市,3209,2022-03-24,2
杭州市,3301,2022-03-24,1
嘉兴市,3304,2022-03-24,1
衢州市,3308,2022-03-24,2
芜湖市,3402,2022-03-24,1
莆田市,3503,2022-03-24,3
泉州市,3505,2022-03-24,65
漳州市,3506,2022-03-24,1
南昌市,3601,2022-03-24,11
九江市,3604,2022-03-24,1
青岛市,3702,2022-03-24,2
威海市,3710,2022-03-24,2
滨州市,3716,2022-03-24,14
开封市,4102,2022-03-24,1
焦作市,4108,2022-03-24,4
周口市,4116,2022-03-24,5
长沙市,4301,2022-03-24,2
益阳市,4309,2022-03-24,1
怀化市,4312,2022-03-24,4
深圳市,4403,2022-03-24,5
茂名市,4409,2022-03-24,1
东莞市,4419,2022-03-24,1
中山市,4420,2022-03-24,1
广安市,5116,2022-03-24,1
黔东南苗族侗族自治州,5226,2022-03-24,1
德宏傣族景颇族自治州,5331,2022-03-24,1
西安市,6101,2022-03-24,1
兰州市,6201,2022-03-24,4
河北区,120105,2022-03-25,24
廊坊市,1310,2022-03-25,23
定州市,139001,2022-03-25,1
沈阳市,2101,2022-03-25,3
大连市,2102,2022-03-25,2
营口市,2108,2022-03-25,2
辽阳市,2110,2022-03-25,1
葫芦岛市,2114,2022-03-25,1
长春市,2201,2022-03-25,576
吉林市,2202,2022-03-25,1110
四平市,2203,2022-03-25,6
哈尔滨市,2301,2022-03-25,23
泰州市,3212,2022-03-25,2
杭州市,3301,2022-03-25,1
嘉兴市,3304,2022-03-25,1
衢州市,3308,2022-03-25,1
芜湖市,3402,2022-03-25,1
泉州市,3505,2022-03-25,19
漳州市,3506,2022-03-25,1
南昌市,3601,2022-03-25,20
九江市,3604,2022-03-25,3
济南市,3701,2022-03-25,2
青岛市,3702,2022-03-25,1
威海市,3710,2022-03-25,2
滨州市,3716,2022-03-25,8
开封市,4102,2022-03-25,1
焦作市,4108,2022-03-25,2
漯河市,4111,2022-03-25,3
周口市,4116,2022-03-25,4
长沙市,4301,2022-03-25,1
深圳市,4403,2022-03-25,2
东莞市,4419,2022-03-25,1
中山市,4420,2022-03-25,1
黔东南苗族侗族自治州,5226,2022-03-25,1
临沧市,5309,2022-03-25,1
德宏傣族景颇族自治州,5331,2022-03-25,2
宝鸡市,6103,2022-03-25,3
兰州市,6201,2022-03-25,4
朝阳区,110105,2022-03-26,1
河东区,120102,2022-03-26,1
河北区,120105,2022-03-26,19
红桥区,120106,2022-03-26,1
东丽区,120110,2022-03-26,1
西青区,120111,2022-03-26,14
北辰区,120113,2022-03-26,4
滨海新区,120116,2022-03-26,4
静海区,120118,2022-03-26,2
唐山市,1302,2022-03-26,7
秦皇岛市,1303,2022-03-26,1
廊坊市,1310,2022-03-26,11
呼和浩特市,1501,2022-03-26,3
通辽市,1505,2022-03-26,1
沈阳市,2101,2022-03-26,3
本溪市,2105,2022-03-26,1
锦州市,2107,2022-03-26,2
营口市,2108,2022-03-26,2
辽阳市,2110,2022-03-26,3
盘锦市,2111,2022-03-26,1
铁岭市,2112,2022-03-26,1
朝阳市,2113,2022-03-26,1
长春市,2201,2022-03-26,554
吉林市,2202,2022-03-26,1122
四平市,2203,2022-03-26,7
白城市,2208,2022-03-26,1
哈尔滨市,2301,2022-03-26,8
大庆市,2306,2022-03-26,1
徐汇区,310104,2022-03-26,1
普陀区,310107,2022-03-26,1
闵行区,310112,2022-03-26,4
浦东新区,310115,2022-03-26,31
松江区,310117,2022-03-26,1
盐城市,3209,2022-03-26,3
泰州市,3212,2022-03-26,3
嘉兴市,3304,2022-03-26,1
芜湖市,3402,2022-03-26,1
泉州市,3505,2022-03-26,4
南昌市,3601,2022-03-26,3
威海市,3710,2022-03-26,1
滨州市,3716,2022-03-26,5
漯河市,4111,2022-03-26,1
周口市,4116,2022-03-26,2
长沙市,4301,2022-03-26,1
深圳市,4403,2022-03-26,2
珠海市,4404,2022-03-26,1
汕尾市,4415,2022-03-26,1
永川区,500118,2022-03-26,1
德宏傣族景颇族自治州,5331,2022-03-26,1
宝鸡市,6103,2022-03-26,1
兰州市,6201,2022-03-26,7
通州区,110112,2022-03-27,1
河东区,120102,2022-03-27,2
南开区,120104,2022-03-27,1
河北区,120105,2022-03-27,10
东丽区,120110,2022-03-27,3
西青区,120111,2022-03-27,3
北辰区,120113,2022-03-27,1
唐山市,1302,2022-03-27,5
廊坊市,1310,2022-03-27,5
沈阳市,2101,2022-03-27,16
大连市,2102,2022-03-27,1
鞍山市,2103,2022-03-27,2
营口市,2108,2022-03-27,7
铁岭市,2112,2022-03-27,1
葫芦岛市,2114,2022-03-27,1
长春市,2201,2022-03-27,633
吉林市,2202,2022-03-27,1071
四平市,2203,2022-03-27,4
哈尔滨市,2301,2022-03-27,7
绥化市,2312,2022-03-27,1
徐汇区,310104,2022-03-27,5
长宁区,310105,2022-03-27,2
静安区,310106,2022-03-27,3
普陀区,310107,2022-03-27,1
虹口区,310109,2022-03-27,1
杨浦区,310110,2022-03-27,2
闵行区,310112,2022-03-27,15
宝山区,310113,2022-03-27,6
嘉定区,310114,2022-03-27,9
浦东新区,310115,2022-03-27,1
泰州市,3212,2022-03-27,1
湖州市,3305,2022-03-27,1
芜湖市,3402,2022-03-27,2
淮南市,3404,2022-03-27,1
马鞍山市,3405,2022-03-27,2
泉州市,3505,2022-03-27,1
南昌市,3601,2022-03-27,2
泰安市,3709,2022-03-27,1
威海市,3710,2022-03-27,1
滨州市,3716,2022-03-27,4
洛阳市,4103,2022-03-27,1
周口市,4116,2022-03-27,13
长沙市,4301,2022-03-27,2
怀化市,4312,2022-03-27,2
茂名市,4409,2022-03-27,1
肇庆市,4412,2022-03-27,2
汕尾市,4415,2022-03-27,1
桂林市,4503,2022-03-27,1
德宏傣族景颇族自治州,5331,2022-03-27,1
安康市,6109,2022-03-27,1
兰州市,6201,2022-03-27,1
天水市,6205,2022-03-27,1
河北区,120105,2022-03-28,7
唐山市,1302,2022-03-28,2
秦皇岛市,1303,2022-03-28,2
廊坊市,1310,2022-03-28,3
沈阳市,2101,2022-03-28,5
鞍山市,2103,2022-03-28,2
营口市,2108,2022-03-28,1
葫芦岛市,2114,2022-03-28,4
长春市,2201,2022-03-28,706
吉林市,2202,2022-03-28,1090
四平市,2203,2022-03-28,11
辽源市,2204,2022-03-28,1
松原市,2207,2022-03-28,1
哈尔滨市,2301,2022-03-28,9
七台河市,2309,2022-03-28,1
徐州市,3203,2022-03-28,1
泰州市,3212,2022-03-28,2
合肥市,3401,2022-03-28,1
芜湖市,3402,2022-03-28,1
淮南市,3404,2022-03-28,1
马鞍山市,3405,2022-03-28,2
泉州市,3505,2022-03-28,4
南平市,3507,2022-03-28,1
淄博市,3703,2022-03-28,1
泰安市,3709,2022-03-28,4
滨州市,3716,2022-03-28,3
漯河市,4111,2022-03-28,1
周口市,4116,2022-03-28,8
深圳市,4403,2022-03-28,1
肇庆市,4412,2022-03-28,2
东莞市,4419,2022-03-28,1
桂林市,4503,2022-03-28,1
德宏傣族景颇族自治州,5331,2022-03-28,1
安康市,6109,2022-03-28,4
河东区,120102,2022-03-29,1
河北区,120105,2022-03-29,6
东丽区,120110,2022-03-29,1
西青区,120111,2022-03-29,3
保定市,1306,2022-03-29,1
廊坊市,1310,2022-03-29,5
忻州市,1409,2022-03-29,3
沈阳市,2101,2022-03-29,5
鞍山市,2103,2022-03-29,1
营口市,2108,2022-03-29,1
葫芦岛市,2114,2022-03-29,3
长春市,2201,2022-03-29,622
吉林市,2202,2022-03-29,1055
四平市,2203,2022-03-29,7
哈尔滨市,2301,2022-03-29,4
大庆市,2306,2022-03-29,1
黄浦区,310101,2022-03-29,1
徐汇区,310104,2022-03-29,6
长宁区,310105,2022-03-29,7
静安区,310106,2022-03-29,10
普陀区,310107,2022-03-29,3
虹口区,310109,2022-03-29,4
闵行区,310112,2022-03-29,9
宝山区,310113,2022-03-29,8
嘉定区,310114,2022-03-29,2
浦东新区,310115,2022-03-29,39
金山区,310116,2022-03-29,1
松江区,310117,2022-03-29,4
青浦区,310118,2022-03-29,2
常州市,3204,2022-03-29,1
苏州市,3205,2022-03-29,1
泰州市,3212,2022-03-29,1
杭州市,3301,2022-03-29,1
宁波市,3302,2022-03-29,1
嘉兴市,3304,2022-03-29,3
湖州市,3305,2022-03-29,4
舟山市,3309,2022-03-29,1
淮南市,3404,2022-03-29,3
马鞍山市,3405,2022-03-29,1
宣城市,3418,2022-03-29,1
泉州市,3505,2022-03-29,7
南昌市,3601,2022-03-29,1
枣庄市,3704,2022-03-29,8
泰安市,3709,2022-03-29,3
滨州市,3716,2022-03-29,1
郑州市,4101,2022-03-29,1
周口市,4116,2022-03-29,2
长沙市,4301,2022-03-29,3
娄底市,4313,2022-03-29,1
深圳市,4403,2022-03-29,3
茂名市,4409,2022-03-29,1
肇庆市,4412,2022-03-29,3
东莞市,4419,2022-03-29,1
贵阳市,5201,2022-03-29,1
宝鸡市,6103,2022-03-29,1
安康市,6109,2022-03-29,2
通州区,110112,2022-03-30,2
河北区,120105,2022-03-30,6
秦皇岛市,1303,2022-03-30,3
廊坊市,1310,2022-03-30,3
沈阳市,2101,2022-03-30,3
营口市,2108,2022-03-30,1
葫芦岛市,2114,2022-03-30,1
长春市,2201,2022-03-30,875
吉林市,2202,2022-03-30,1150
四平市,2203,2022-03-30,7
哈尔滨市,2301,2022-03-30,1
佳木斯市,2308,2022-03-30,15
黄浦区,310101,2022-03-30,6
徐汇区,310104,2022-03-30,34
长宁区,310105,2022-03-30,3
静安区,310106,2022-03-30,8
普陀区,310107,2022-03-30,6
虹口区,310109,2022-03-30,7
杨浦区,310110,2022-03-30,3
闵行区,310112,2022-03-30,29
宝山区,310113,2022-03-30,33
嘉定区,310114,2022-03-30,9
浦东新区,310115,2022-03-30,169
金山区,310116,2022-03-30,2
松江区,310117,2022-03-30,15
奉贤区,310120,2022-03-30,1
崇明区,310151,2022-03-30,1
泰州市,3212,2022-03-30,1
杭州市,3301,2022-03-30,1
嘉兴市,3304,2022-03-30,3
湖州市,3305,2022-03-30,4
丽水市,3311,2022-03-30,1
芜湖市,3402,2022-03-30,1
淮南市,3404,2022-03-30,2
厦门市,3502,2022-03-30,2
莆田市,3503,2022-03-30,1
泉州市,3505,2022-03-30,7
南昌市,3601,2022-03-30,1
青岛市,3702,2022-03-30,1
枣庄市,3704,2022-03-30,1
泰安市,3709,2022-03-30,1
德州市,3714,2022-03-30,1
周口市,4116,2022-03-30,26
长沙市,4301,2022-03-30,2
娄底市,4313,2022-03-30,1
深圳市,4403,2022-03-30,1
珠海市,4404,2022-03-30,1
海口市,4601,2022-03-30,1
万宁市,469006,2022-03-30,1
贵阳市,5201,2022-03-30,1
海南藏族自治州,6325,2022-03-30,2
河北区,120105,2022-03-31,5
唐山市,1302,2022-03-31,1
保定市,1306,2022-03-31,1
廊坊市,1310,2022-03-31,3
忻州市,1409,2022-03-31,2
赤峰市,1504,2022-03-31,1
沈阳市,2101,2022-03-31,7
营口市,2108,2022-03-31,2
长春市,2201,2022-03-31,997
吉林市,2202,2022-03-31,1340
四平市,2203,2022-03-31,6
白城市,2208,2022-03-31,4
哈尔滨市,2301,2022-03-31,5
佳木斯市,2308,2022-03-31,11
牡丹江市,2310,2022-03-31,2
绥化市,2312,2022-03-31,1
黄浦区,310101,2022-03-31,16
徐汇区,310104,2022-03-31,14
长宁区,310105,2022-03-31,8
静安区,310106,2022-03-31,8
普陀区,310107,2022-03-31,6
虹口区,310109,2022-03-31,1
杨浦区,310110,2022-03-31,3
闵行区,310112,2022-03-31,17
宝山区,310113,2022-03-31,1
嘉定区,310114,2022-03-31,9
浦东新区,310115,2022-03-31,252
松江区,310117,2022-03-31,8
青浦区,310118,2022-03-31,5
奉贤区,310120,2022-03-31,7
无锡市,3202,2022-03-31,1
盐城市,3209,2022-03-31,2
镇江市,3211,2022-03-31,1
泰州市,3212,2022-03-31,1
杭州市,3301,2022-03-31,1
宁波市,3302,2022-03-31,3
嘉兴市,3304,2022-03-31,4
湖州市,3305,2022-03-31,1
绍兴市,3306,2022-03-31,1
淮南市,3404,2022-03-31,1
厦门市,3502,2022-03-31,2
泉州市,3505,2022-03-31,8
宁德市,3509,2022-03-31,1
南昌市,3601,2022-03-31,1
济南市,3701,2022-03-31,1
菏泽市,3717,2022-03-31,1
周口市,4116,2022-03-31,15
衡阳市,4304,2022-03-31,1
湘西土家族苗族自治州,4331,2022-03-31,1
广州市,4401,2022-03-31,1
深圳市,4403,2022-03-31,6
珠海市,4404,2022-03-31,1
东莞市,4419,2022-03-31,3
海口市,4601,2022-03-31,2
南岸区,500108,2022-03-31,1
遂宁市,5109,2022-03-31,1
乐山市,5111,2022-03-31,2
曲靖市,5303,2022-03-31,1
普洱市,5308,2022-03-31,1
海南藏族自治州,6325,2022-03-31,2
乌鲁木齐市,6501,2022-03-31,1
河北区,120105,2022-04-01,2
保定市,1306,2022-04-01,1
廊坊市,1310,2022-04-01,1
营口市,2108,2022-04-01,2
长春市,2201,2022-04-01,1078
吉林市,2202,2022-04-01,1363
四平市,2203,2022-04-01,6
白城市,2208,2022-04-01,3
哈尔滨市,2301,2022-04-01,5
大庆市,2306,2022-04-01,2
佳木斯市,2308,2022-04-01,9
无锡市,3202,2022-04-01,1
徐州市,3203,2022-04-01,4
盐城市,3209,2022-04-01,2
镇江市,3211,2022-04-01,2
衢州市,3308,2022-04-01,2
淮南市,3404,2022-04-01,1
阜阳市,3412,2022-04-01,1
泉州市,3505,2022-04-01,4
宁德市,3509,2022-04-01,1
南昌市,3601,2022-04-01,1
济南市,3701,2022-04-01,2
烟台市,3706,2022-04-01,1
济宁市,3708,2022-04-01,1
郑州市,4101,2022-04-01,1
洛阳市,4103,2022-04-01,1
信阳市,4115,2022-04-01,1
衡阳市,4304,2022-04-01,2
娄底市,4313,2022-04-01,1
珠海市,4404,2022-04-01,1
肇庆市,4412,2022-04-01,1
东莞市,4419,2022-04-01,1
中山市,4420,2022-04-01,1
海口市,4601,2022-04-01,1
琼海市,469002,2022-04-01,1
乐山市,5111,2022-04-01,1
贵阳市,5201,2022-04-01,1
海南藏族自治州,6325,2022-04-01,2
河北区,120105,2022-04-02,2
保定市,1306,2022-04-02,2
沈阳市,2101,2022-04-02,3
大连市,2102,2022-04-02,1
长春市,2201,2022-04-02,1544
吉林市,2202,2022-04-02,1730
四平市,2203,2022-04-02,6
白城市,2208,2022-04-02,2
哈尔滨市,2301,2022-04-02,16
佳木斯市,2308,2022-04-02,5
无锡市,3202,2022-04-02,1
徐州市,3203,2022-04-02,9
淮安市,3208,2022-04-02,1
镇江市,3211,2022-04-02,1
杭州市,3301,2022-04-02,3
宁波市,3302,2022-04-02,3
温州市,3303,2022-04-02,1
嘉兴市,3304,2022-04-02,1
湖州市,3305,2022-04-02,2
金华市,3307,2022-04-02,3
台州市,3310,2022-04-02,1
淮南市,3404,2022-04-02,1
厦门市,3502,2022-04-02,3
泉州市,3505,2022-04-02,12
漳州市,3506,2022-04-02,1
南昌市,3601,2022-04-02,2
上饶市,3611,2022-04-02,1
济南市,3701,2022-04-02,2
青岛市,3702,2022-04-02,1
烟台市,3706,2022-04-02,1
威海市,3710,2022-04-02,1
日照市,3711,2022-04-02,2
德州市,3714,2022-04-02,1
菏泽市,3717,2022-04-02,1
商丘市,4114,2022-04-02,1
长沙市,4301,2022-04-02,1
衡阳市,4304,2022-04-02,1
益阳市,4309,2022-04-02,1
海口市,4601,2022-04-02,5
三亚市,4602,2022-04-02,1
琼海市,469002,2022-04-02,1
成都市,5101,2022-04-02,1
乐山市,5111,2022-04-02,1
德宏傣族景颇族自治州,5331,2022-04-02,1
宝鸡市,6103,2022-04-02,2
海东市,6302,2022-04-02,2
海南藏族自治州,6325,2022-04-02,8
南开区,120104,2022-04-03,1
河北区,120105,2022-04-03,1
邯郸市,1304,2022-04-03,1
大同市,1402,2022-04-03,1
沈阳市,2101,2022-04-03,2
长春市,2201,2022-04-03,723
吉林市,2202,2022-04-03,956
四平市,2203,2022-04-03,2
白城市,2208,2022-04-03,1
哈尔滨市,2301,2022-04-03,5
徐州市,3203,2022-04-03,1
苏州市,3205,2022-04-03,1
宿迁市,3213,2022-04-03,3
杭州市,3301,2022-04-03,2
宁波市,3302,2022-04-03,1
嘉兴市,3304,2022-04-03,1
湖州市,3305,2022-04-03,2
绍兴市,3306,2022-04-03,1
金华市,3307,2022-04-03,2
衢州市,3308,2022-04-03,1
丽水市,3311,2022-04-03,1
淮南市,3404,2022-04-03,1
淮北市,3406,2022-04-03,1
厦门市,3502,2022-04-03,1
泉州市,3505,2022-04-03,7
南昌市,3601,2022-04-03,1
吉安市,3608,2022-04-03,1
济南市,3701,2022-04-03,3
青岛市,3702,2022-04-03,1
德州市,3714,2022-04-03,1
菏泽市,3717,2022-04-03,1
衡阳市,4304,2022-04-03,1
广州市,4401,2022-04-03,1
肇庆市,4412,2022-04-03,1
玉林市,4509,2022-04-03,1
三亚市,4602,2022-04-03,2
儋州市,4604,2022-04-03,1
成都市,5101,2022-04-03,3
德阳市,5106,2022-04-03,1
遂宁市,5109,2022-04-03,2
西安市,6101,2022-04-03,1
宝鸡市,6103,2022-04-03,2
海南藏族自治州,6325,2022-04-03,3
乌鲁木齐市,6501,2022-04-03,1
大兴区,110115,2022-04-04,1
河北区,120105,2022-04-04,3
邯郸市,1304,2022-04-04,3
太原市,1401,2022-04-04,5
长春市,2201,2022-04-04,574
吉林市,2202,2022-04-04,837
四平市,2203,2022-04-04,6
白山市,2206,2022-04-04,3
白城市,2208,2022-04-04,10
哈尔滨市,2301,2022-04-04,12
大庆市,2306,2022-04-04,2
佳木斯市,2308,2022-04-04,1
黄浦区,310101,2022-04-04,16
徐汇区,310104,2022-04-04,34
长宁区,310105,2022-04-04,15
静安区,310106,2022-04-04,28
普陀区,310107,2022-04-04,21
虹口区,310109,2022-04-04,11
杨浦区,310110,2022-04-04,29
闵行区,310112,2022-04-04,65
宝山区,310113,2022-04-04,31
嘉定区,310114,2022-04-04,14
浦东新区,310115,2022-04-04,141
金山区,310116,2022-04-04,3
松江区,310117,2022-04-04,8
青浦区,310118,2022-04-04,3
奉贤区,310120,2022-04-04,5
崇明区,310151,2022-04-04,1
南京市,3201,2022-04-04,1
徐州市,3203,2022-04-04,1
盐城市,3209,2022-04-04,7
镇江市,3211,2022-04-04,1
宿迁市,3213,2022-04-04,1
杭州市,3301,2022-04-04,2
宁波市,3302,2022-04-04,4
温州市,3303,2022-04-04,1
嘉兴市,3304,2022-04-04,1
湖州市,3305,2022-04-04,1
淮南市,3404,2022-04-04,1
阜阳市,3412,2022-04-04,3
厦门市,3502,2022-04-04,3
泉州市,3505,2022-04-04,15
南昌市,3601,2022-04-04,2
抚州市,3610,2022-04-04,1
上饶市,3611,2022-04-04,1
济南市,3701,2022-04-04,2
青岛市,3702,2022-04-04,5
烟台市,3706,2022-04-04,1
郑州市,4101,2022-04-04,1
安阳市,4105,2022-04-04,1
娄底市,4313,2022-04-04,1
广州市,4401,2022-04-04,4
珠海市,4404,2022-04-04,1
海口市,4601,2022-04-04,2
三亚市,4602,2022-04-04,2
琼海市,469002,2022-04-04,2
成都市,5101,2022-04-04,9
乐山市,5111,2022-04-04,1
黔西南布依族苗族自治州,5223,2022-04-04,2
西安市,6101,2022-04-04,1
西宁市,6301,2022-04-04,7
海东市,6302,2022-04-04,2
海南藏族自治州,6325,2022-04-04,6
朝阳区,110105,2022-04-05,6
丰台区,110106,2022-04-05,1
顺义区,110113,2022-04-05,1
河北区,120105,2022-04-05,6
邯郸市,1304,2022-04-05,6
太原市,1401,2022-04-05,1
晋中市,1407,2022-04-05,1
运城市,1408,2022-04-05,1
临汾市,1410,2022-04-05,1
朝阳市,2113,2022-04-05,6
长春市,2201,2022-04-05,604
吉林市,2202,2022-04-05,792
四平市,2203,2022-04-05,1
白山市,2206,2022-04-05,2
白城市,2208,2022-04-05,10
哈尔滨市,2301,2022-04-05,13
牡丹江市,2310,2022-04-05,4
盐城市,3209,2022-04-05,1
镇江市,3211,2022-04-05,1
宁波市,3302,2022-04-05,1
湖州市,3305,2022-04-05,1
六安市,3415,2022-04-05,1
泉州市,3505,2022-04-05,2
南昌市,3601,2022-04-05,2
济南市,3701,2022-04-05,11
青岛市,3702,2022-04-05,3
广州市,4401,2022-04-05,2
茂名市,4409,2022-04-05,1
百色市,4510,2022-04-05,2
儋州市,4604,2022-04-05,1
成都市,5101,2022-04-05,10
乐山市,5111,2022-04-05,2
西宁市,6301,2022-04-05,2
海南藏族自治州,6325,2022-04-05,1
朝阳区,110105,2022-04-06,3
顺义区,110113,2022-04-06,3
河北区,120105,2022-04-06,6
西青区,120111,2022-04-06,2
邯郸市,1304,2022-04-06,5
太原市,1401,2022-04-06,9
运城市,1408,2022-04-06,1
鞍山市,2103,2022-04-06,7
朝阳市,2113,2022-04-06,3
长春市,2201,2022-04-06,817
吉林市,2202,2022-04-06,974
四平市,2203,2022-04-06,6
白山市,2206,2022-04-06,4
白城市,2208,2022-04-06,11
哈尔滨市,2301,2022-04-06,2
大庆市,2306,2022-04-06,2
牡丹江市,2310,2022-04-06,4
黄浦区,310101,2022-04-06,16
徐汇区,310104,2022-04-06,23
长宁区,310105,2022-04-06,6
静安区,310106,2022-04-06,12
普陀区,310107,2022-04-06,7
虹口区,310109,2022-04-06,8
杨浦区,310110,2022-04-06,11
闵行区,310112,2022-04-06,23
宝山区,310113,2022-04-06,7
嘉定区,310114,2022-04-06,11
浦东新区,310115,2022-04-06,162
金山区,310116,2022-04-06,1
松江区,310117,2022-04-06,14
青浦区,310118,2022-04-06,6
奉贤区,310120,2022-04-06,2
崇明区,310151,2022-04-06,2
徐州市,3203,2022-04-06,1
镇江市,3211,2022-04-06,4
宁波市,3302,2022-04-06,6
温州市,3303,2022-04-06,1
嘉兴市,3304,2022-04-06,19
绍兴市,3306,2022-04-06,3
马鞍山市,3405,2022-04-06,7
厦门市,3502,2022-04-06,1
泉州市,3505,2022-04-06,9
宁德市,3509,2022-04-06,1
南昌市,3601,2022-04-06,2
济南市,3701,2022-04-06,4
娄底市,4313,2022-04-06,1
广州市,4401,2022-04-06,2
湛江市,4408,2022-04-06,1
茂名市,4409,2022-04-06,3
肇庆市,4412,2022-04-06,1
海口市,4601,2022-04-06,1
三亚市,4602,2022-04-06,9
成都市,5101,2022-04-06,10
德宏傣族景颇族自治州,5331,2022-04-06,1
西安市,6101,2022-04-06,1
海南藏族自治州,6325,2022-04-06,10
朝阳区,110105,2022-04-07,6
海淀区,110108,2022-04-07,1
顺义区,110113,2022-04-07,2
河北区,120105,2022-04-07,3
邯郸市,1304,2022-04-07,3
太原市,1401,2022-04-07,6
运城市,1408,2022-04-07,1
通辽市,1505,2022-04-07,1
兴安盟,1522,2022-04-07,1
沈阳市,2101,2022-04-07,1
朝阳市,2113,2022-04-07,6
长春市,2201,2022-04-07,766
吉林市,2202,2022-04-07,893
四平市,2203,2022-04-07,2
白山市,2206,2022-04-07,2
白城市,2208,2022-04-07,11
哈尔滨市,2301,2022-04-07,5
牡丹江市,2310,2022-04-07,3
黑河市,2311,2022-04-07,1
黄浦区,310101,2022-04-07,9
徐汇区,310104,2022-04-07,19
长宁区,310105,2022-04-07,31
静安区,310106,2022-04-07,27
普陀区,310107,2022-04-07,28
虹口区,310109,2022-04-07,1
杨浦区,310110,2022-04-07,12
闵行区,310112,2022-04-07,21
宝山区,310113,2022-04-07,9
嘉定区,310114,2022-04-07,6
浦东新区,310115,2022-04-07,150
金山区,310116,2022-04-07,3
松江区,310117,2022-04-07,2
青浦区,310118,2022-04-07,4
徐州市,3203,2022-04-07,4
苏州市,3205,2022-04-07,1
镇江市,3211,2022-04-07,1
宁波市,3302,2022-04-07,2
温州市,3303,2022-04-07,1
嘉兴市,3304,2022-04-07,13
绍兴市,3306,2022-04-07,1
阜阳市,3412,2022-04-07,1
厦门市,3502,2022-04-07,1
泉州市,3505,2022-04-07,17
宁德市,3509,2022-04-07,1
南昌市,3601,2022-04-07,2
济南市,3701,2022-04-07,1
青岛市,3702,2022-04-07,1
济宁市,3708,2022-04-07,1
威海市,3710,2022-04-07,2
周口市,4116,2022-04-07,1
邵阳市,4305,2022-04-07,1
三亚市,4602,2022-04-07,4
成都市,5101,2022-04-07,7
遂宁市,5109,2022-04-07,1
乐山市,5111,2022-04-07,2
黔西南布依族苗族自治州,5223,2022-04-07,1
海南藏族自治州,6325,2022-04-07,4
朝阳区,110105,2022-04-08,5
海淀区,110108,2022-04-08,1
顺义区,110113,2022-04-08,3
河北区,120105,2022-04-08,1
邯郸市,1304,2022-04-08,1
太原市,1401,2022-04-08,4
运城市,1408,2022-04-08,1
通辽市,1505,2022-04-08,1
兴安盟,1522,2022-04-08,1
沈阳市,2101,2022-04-08,1
朝阳市,2113,2022-04-08,5
长春市,2201,2022-04-08,474
吉林市,2202,2022-04-08,617
四平市,2203,2022-04-08,1
白山市,2206,2022-04-08,2
白城市,2208,2022-04-08,4
哈尔滨市,2301,2022-04-08,1
黄浦区,310101,2022-04-08,14
徐汇区,310104,2022-04-08,40
长宁区,310105,2022-04-08,29
静安区,310106,2022-04-08,23
普陀区,310107,2022-04-08,11
虹口区,310109,2022-04-08,26
杨浦区,310110,2022-04-08,29
闵行区,310112,2022-04-08,96
宝山区,310113,2022-04-08,10
嘉定区,310114,2022-04-08,23
浦东新区,310115,2022-04-08,306
金山区,310116,2022-04-08,72
松江区,310117,2022-04-08,107
青浦区,310118,2022-04-08,4
奉贤区,310120,2022-04-08,32
崇明区,310151,2022-04-08,2
南京市,3201,2022-04-08,3
徐州市,3203,2022-04-08,6
苏州市,3205,2022-04-08,1
盐城市,3209,2022-04-08,1
镇江市,3211,2022-04-08,2
宁波市,3302,2022-04-08,5
嘉兴市,3304,2022-04-08,4
厦门市,3502,2022-04-08,1
泉州市,3505,2022-04-08,19
南昌市,3601,2022-04-08,4
济南市,3701,2022-04-08,1
青岛市,3702,2022-04-08,1
济宁市,3708,2022-04-08,1
威海市,3710,2022-04-08,2
邵阳市,4305,2022-04-08,1
广州市,4401,2022-04-08,3
佛山市,4406,2022-04-08,3
湛江市,4408,2022-04-08,1
百色市,4510,2022-04-08,2
三亚市,4602,2022-04-08,3
成都市,5101,2022-04-08,4
遂宁市,5109,2022-04-08,1
红河哈尼族彝族自治州,5325,2022-04-08,1
西安市,6101,2022-04-08,11
商洛市,6110,2022-04-08,1
海南藏族自治州,6325,2022-04-08,3
朝阳区,110105,2022-04-09,2
丰台区,110106,2022-04-09,3
顺义区,110113,2022-04-09,1
河北区,120105,2022-04-09,2
邯郸市,1304,2022-04-09,2
太原市,1401,2022-04-09,4
运城市,1408,2022-04-09,2
朝阳市,2113,2022-04-09,2
长春市,2201,2022-04-09,150
吉林市,2202,2022-04-09,248
四平市,2203,2022-04-09,1
白城市,2208,2022-04-09,10
哈尔滨市,2301,2022-04-09,1
牡丹江市,2310,2022-04-09,4
南京市,3201,2022-04-09,1
无锡市,3202,2022-04-09,2
徐州市,3203,2022-04-09,2
宁波市,3302,2022-04-09,2
嘉兴市,3304,2022-04-09,9
绍兴市,3306,2022-04-09,1
丽水市,3311,2022-04-09,2
阜阳市,3412,2022-04-09,1
六安市,3415,2022-04-09,5
泉州市,3505,2022-04-09,3
南昌市,3601,2022-04-09,2
济南市,3701,2022-04-09,3
威海市,3710,2022-04-09,1
郑州市,4101,2022-04-09,1
广州市,4401,2022-04-09,2
深圳市,4403,2022-04-09,2
佛山市,4406,2022-04-09,1
湛江市,4408,2022-04-09,1
三亚市,4602,2022-04-09,3
江北区,500105,2022-04-09,1
西安市,6101,2022-04-09,7
商洛市,6110,2022-04-09,1
海南藏族自治州,6325,2022-04-09,4
太原市,1401,2022-04-11,1
赤峰市,1504,2022-04-11,1
沈阳市,2101,2022-04-11,1
长春市,2201,2022-04-11,102
吉林市,2202,2022-04-11,187
四平市,2203,2022-04-11,2
辽源市,2204,2022-04-11,1
白城市,2208,2022-04-11,16
黄浦区,310101,2022-04-11,37
徐汇区,310104,2022-04-11,44
长宁区,310105,2022-04-11,5
静安区,310106,2022-04-11,28
普陀区,310107,2022-04-11,8
虹口区,310109,2022-04-11,6
杨浦区,310110,2022-04-11,61
闵行区,310112,2022-04-11,101
宝山区,310113,2022-04-11,21
嘉定区,310114,2022-04-11,71
浦东新区,310115,2022-04-11,209
金山区,310116,2022-04-11,15
松江区,310117,2022-04-11,291
青浦区,310118,2022-04-11,1
奉贤区,310120,2022-04-11,16
南京市,3201,2022-04-11,3
徐州市,3203,2022-04-11,1
苏州市,3205,2022-04-11,2
连云港市,3207,2022-04-11,1
盐城市,3209,2022-04-11,2
宁波市,3302,2022-04-11,4
嘉兴市,3304,2022-04-11,3
湖州市,3305,2022-04-11,1
绍兴市,3306,2022-04-11,1
阜阳市,3412,2022-04-11,1
泉州市,3505,2022-04-11,3
宁德市,3509,2022-04-11,6
南昌市,3601,2022-04-11,1
济南市,3701,2022-04-11,1
青岛市,3702,2022-04-11,1
郑州市,4101,2022-04-11,1
广州市,4401,2022-04-11,18
中山市,4420,2022-04-11,1
三亚市,4602,2022-04-11,2
成都市,5101,2022-04-11,2
曲靖市,5303,2022-04-11,1
普洱市,5308,2022-04-11,1
西安市,6101,2022-04-11,6
渭南市,6105,2022-04-11,1
海南藏族自治州,6325,2022-04-11,2
丰台区,110106,2022-04-12,3
运城市,1408,2022-04-12,1
赤峰市,1504,2022-04-12,1
阜新市,2109,2022-04-12,1
长春市,2201,2022-04-12,81
吉林市,2202,2022-04-12,171
白城市,2208,2022-04-12,8
牡丹江市,2310,2022-04-12,1
黄浦区,310101,2022-04-12,117
徐汇区,310104,2022-04-12,48
长宁区,310105,2022-04-12,25
静安区,310106,2022-04-12,20
普陀区,310107,2022-04-12,37
虹口区,310109,2022-04-12,25
杨浦区,310110,2022-04-12,30
闵行区,310112,2022-04-12,68
宝山区,310113,2022-04-12,47
嘉定区,310114,2022-04-12,43
浦东新区,310115,2022-04-12,493
金山区,310116,2022-04-12,3
松江区,310117,2022-04-12,21
青浦区,310118,2022-04-12,7
奉贤区,310120,2022-04-12,4
崇明区,310151,2022-04-12,6
南京市,3201,2022-04-12,7
徐州市,3203,2022-04-12,1
苏州市,3205,2022-04-12,1
连云港市,3207,2022-04-12,1
盐城市,3209,2022-04-12,2
宿迁市,3213,2022-04-12,2
杭州市,3301,2022-04-12,2
宁波市,3302,2022-04-12,5
嘉兴市,3304,2022-04-12,3
湖州市,3305,2022-04-12,1
泉州市,3505,2022-04-12,3
宁德市,3509,2022-04-12,1
南昌市,3601,2022-04-12,2
青岛市,3702,2022-04-12,3
郑州市,4101,2022-04-12,2
信阳市,4115,2022-04-12,1
黄冈市,4211,2022-04-12,1
广州市,4401,2022-04-12,16
三亚市,4602,2022-04-12,20
成都市,5101,2022-04-12,2
文山壮族苗族自治州,5326,2022-04-12,1
海南藏族自治州,6325,2022-04-12,21
河北区,120105,2022-04-13,1
西青区,120111,2022-04-13,1
保定市,1306,2022-04-13,1
沈阳市,2101,2022-04-13,1
长春市,2201,2022-04-13,173
吉林市,2202,2022-04-13,233
白城市,2208,2022-04-13,5
牡丹江市,2310,2022-04-13,2
南京市,3201,2022-04-13,2
无锡市,3202,2022-04-13,1
扬州市,3210,2022-04-13,1
杭州市,3301,2022-04-13,3
宁波市,3302,2022-04-13,2
嘉兴市,3304,2022-04-13,5
湖州市,3305,2022-04-13,1
金华市,3307,2022-04-13,1
滁州市,3411,2022-04-13,2
宣城市,3418,2022-04-13,1
宁德市,3509,2022-04-13,7
南昌市,3601,2022-04-13,1
济南市,3701,2022-04-13,3
郑州市,4101,2022-04-13,1
信阳市,4115,2022-04-13,2
宜昌市,4205,2022-04-13,1
邵阳市,4305,2022-04-13,1
娄底市,4313,2022-04-13,1
广州市,4401,2022-04-13,20
深圳市,4403,2022-04-13,2
三亚市,4602,2022-04-13,14
普洱市,5308,2022-04-13,1
西安市,6101,2022-04-13,2
西宁市,6301,2022-04-13,1
海南藏族自治州,6325,2022-04-13,14
丰台区,110106,2022-04-14,1
河北区,120105,2022-04-14,2
邯郸市,1304,2022-04-14,1
太原市,1401,2022-04-14,3
朔州市,1406,2022-04-14,1
沈阳市,2101,2022-04-14,1
长春市,2201,2022-04-14,285
吉林市,2202,2022-04-14,325
白城市,2208,2022-04-14,4
哈尔滨市,2301,2022-04-14,7
黄浦区,310101,2022-04-14,227
徐汇区,310104,2022-04-14,143
长宁区,310105,2022-04-14,105
静安区,310106,2022-04-14,49
普陀区,310107,2022-04-14,45
虹口区,310109,2022-04-14,121
杨浦区,310110,2022-04-14,54
闵行区,310112,2022-04-14,372
宝山区,310113,2022-04-14,13
嘉定区,310114,2022-04-14,54
浦东新区,310115,2022-04-14,1139
金山区,310116,2022-04-14,12
松江区,310117,2022-04-14,131
青浦区,310118,2022-04-14,99
奉贤区,310120,2022-04-14,2
崇明区,310151,2022-04-14,7
南京市,3201,2022-04-14,2
苏州市,3205,2022-04-14,1
杭州市,3301,2022-04-14,4
宁波市,3302,2022-04-14,4
绍兴市,3306,2022-04-14,1
滁州市,3411,2022-04-14,2
宁德市,3509,2022-04-14,9
南昌市,3601,2022-04-14,1
济南市,3701,2022-04-14,1
广州市,4401,2022-04-14,39
深圳市,4403,2022-04-14,8
三亚市,4602,2022-04-14,3
普洱市,5308,2022-04-14,1
文山壮族苗族自治州,5326,2022-04-14,2
西安市,6101,2022-04-14,1
渭南市,6105,2022-04-14,1
海南藏族自治州,6325,2022-04-14,3
太原市,1401,2022-04-16,1
朔州市,1406,2022-04-16,3
忻州市,1409,2022-04-16,1
沈阳市,2101,2022-04-16,1
吉林市,2202,2022-04-16,3
四平市,2203,2022-04-16,3
哈尔滨市,2301,2022-04-16,25
盐城市,3209,2022-04-16,5
嘉兴市,3304,2022-04-16,1
金华市,3307,2022-04-16,1
衢州市,3308,2022-04-16,2
青岛市,3702,2022-04-16,1
广州市,4401,2022-04-16,22
深圳市,4403,2022-04-16,2
三亚市,4602,2022-04-16,2
西安市,6101,2022-04-16,1
海南藏族自治州,6325,2022-04-16,2
